-- phpMyAdmin SQL Dump
-- version 5.2.0
-- https://www.phpmyadmin.net/
--
-- Host: 127.0.0.1
-- Generation Time: Feb 06, 2023 at 12:18 PM
-- Server version: 10.4.27-MariaDB
-- PHP Version: 8.1.12

SET SQL_MODE = "NO_AUTO_VALUE_ON_ZERO";
START TRANSACTION;
SET time_zone = "+00:00";


/*!40101 SET @OLD_CHARACTER_SET_CLIENT=@@CHARACTER_SET_CLIENT */;
/*!40101 SET @OLD_CHARACTER_SET_RESULTS=@@CHARACTER_SET_RESULTS */;
/*!40101 SET @OLD_COLLATION_CONNECTION=@@COLLATION_CONNECTION */;
/*!40101 SET NAMES utf8mb4 */;

--
-- Database: `ecommerceapi`
--

-- --------------------------------------------------------

--
-- Table structure for table `failed_jobs`
--

CREATE TABLE `failed_jobs` (
  `id` bigint(20) UNSIGNED NOT NULL,
  `uuid` varchar(255) NOT NULL,
  `connection` text NOT NULL,
  `queue` text NOT NULL,
  `payload` longtext NOT NULL,
  `exception` longtext NOT NULL,
  `failed_at` timestamp NOT NULL DEFAULT current_timestamp()
) ENGINE=InnoDB DEFAULT CHARSET=utf8mb4 COLLATE=utf8mb4_unicode_ci;

-- --------------------------------------------------------

--
-- Table structure for table `migrations`
--

CREATE TABLE `migrations` (
  `id` int(10) UNSIGNED NOT NULL,
  `migration` varchar(255) NOT NULL,
  `batch` int(11) NOT NULL
) ENGINE=InnoDB DEFAULT CHARSET=utf8mb4 COLLATE=utf8mb4_unicode_ci;

--
-- Dumping data for table `migrations`
--

INSERT INTO `migrations` (`id`, `migration`, `batch`) VALUES
(1, '2014_10_12_000000_create_users_table', 1),
(2, '2014_10_12_100000_create_password_resets_table', 1),
(3, '2019_08_19_000000_create_failed_jobs_table', 1),
(4, '2019_12_14_000001_create_personal_access_tokens_table', 1),
(5, '2023_02_02_074735_create_products_table', 1),
(6, '2023_02_02_090440_create_reviews_table', 1),
(7, '2016_06_01_000001_create_oauth_auth_codes_table', 2),
(8, '2016_06_01_000002_create_oauth_access_tokens_table', 2),
(9, '2016_06_01_000003_create_oauth_refresh_tokens_table', 2),
(10, '2016_06_01_000004_create_oauth_clients_table', 2),
(11, '2016_06_01_000005_create_oauth_personal_access_clients_table', 2);

-- --------------------------------------------------------

--
-- Table structure for table `oauth_access_tokens`
--

CREATE TABLE `oauth_access_tokens` (
  `id` varchar(100) NOT NULL,
  `user_id` bigint(20) UNSIGNED DEFAULT NULL,
  `client_id` bigint(20) UNSIGNED NOT NULL,
  `name` varchar(255) DEFAULT NULL,
  `scopes` text DEFAULT NULL,
  `revoked` tinyint(1) NOT NULL,
  `created_at` timestamp NULL DEFAULT NULL,
  `updated_at` timestamp NULL DEFAULT NULL,
  `expires_at` datetime DEFAULT NULL
) ENGINE=InnoDB DEFAULT CHARSET=utf8mb4 COLLATE=utf8mb4_unicode_ci;

--
-- Dumping data for table `oauth_access_tokens`
--

INSERT INTO `oauth_access_tokens` (`id`, `user_id`, `client_id`, `name`, `scopes`, `revoked`, `created_at`, `updated_at`, `expires_at`) VALUES
('2924499c56a0e2f64cb54cc83b3154104ffb57c87007c08b83e109bf93bacbd7536ccc1e1a319dc0', 2, 2, NULL, '[]', 0, '2023-02-05 15:44:38', '2023-02-05 15:44:38', '2024-02-05 19:44:38'),
('90b5b37a837f1da7ed4f88265137942f8c24c3ebf8ef6f8f35cf64c64346dd7a23e39bcca0ed9bbc', 2, 2, NULL, '[]', 0, '2023-02-05 06:06:15', '2023-02-05 06:06:15', '2024-02-05 10:06:15'),
('a9830109c0194b382dc4f4b0985c9cbfd4099c648cf26d7f0b65df26d87a9f3098a959f50cbc6304', 2, 2, NULL, '[]', 0, '2023-02-05 15:44:41', '2023-02-05 15:44:41', '2024-02-05 19:44:41'),
('c51cf12c391fe75aa69a6c90ee1ef5eae5d7c474b4e64269acc84f6c06986f7b52408db210b96cb0', 2, 2, NULL, '[]', 0, '2023-02-05 06:05:58', '2023-02-05 06:05:58', '2024-02-05 10:05:58'),
('db89f5824c3eb277c475c66a289fd19fa97c5f5138c12821dce62cfb17c85f46b0194284395d5efb', 2, 2, NULL, '[]', 0, '2023-02-05 06:06:12', '2023-02-05 06:06:12', '2024-02-05 10:06:12'),
('ff8b72e471789a4aae75ed409582c549cf5163a239dfcc4485f49c3dd3e85280ff84cf7f7c82f0a1', 2, 2, NULL, '[]', 0, '2023-02-05 06:06:10', '2023-02-05 06:06:10', '2024-02-05 10:06:10');

-- --------------------------------------------------------

--
-- Table structure for table `oauth_auth_codes`
--

CREATE TABLE `oauth_auth_codes` (
  `id` varchar(100) NOT NULL,
  `user_id` bigint(20) UNSIGNED NOT NULL,
  `client_id` bigint(20) UNSIGNED NOT NULL,
  `scopes` text DEFAULT NULL,
  `revoked` tinyint(1) NOT NULL,
  `expires_at` datetime DEFAULT NULL
) ENGINE=InnoDB DEFAULT CHARSET=utf8mb4 COLLATE=utf8mb4_unicode_ci;

-- --------------------------------------------------------

--
-- Table structure for table `oauth_clients`
--

CREATE TABLE `oauth_clients` (
  `id` bigint(20) UNSIGNED NOT NULL,
  `user_id` bigint(20) UNSIGNED DEFAULT NULL,
  `name` varchar(255) NOT NULL,
  `secret` varchar(100) DEFAULT NULL,
  `provider` varchar(255) DEFAULT NULL,
  `redirect` text NOT NULL,
  `personal_access_client` tinyint(1) NOT NULL,
  `password_client` tinyint(1) NOT NULL,
  `revoked` tinyint(1) NOT NULL,
  `created_at` timestamp NULL DEFAULT NULL,
  `updated_at` timestamp NULL DEFAULT NULL
) ENGINE=InnoDB DEFAULT CHARSET=utf8mb4 COLLATE=utf8mb4_unicode_ci;

--
-- Dumping data for table `oauth_clients`
--

INSERT INTO `oauth_clients` (`id`, `user_id`, `name`, `secret`, `provider`, `redirect`, `personal_access_client`, `password_client`, `revoked`, `created_at`, `updated_at`) VALUES
(1, NULL, 'Laravel Personal Access Client', 'Ec6PDUZXFpKIGcS5gew18CFTgvGg4LnB44XNdllf', NULL, 'http://localhost', 1, 0, 0, '2023-02-03 16:04:23', '2023-02-03 16:04:23'),
(2, NULL, 'Laravel Password Grant Client', 'Pn0mJQhqkJFur7q4K1WwbfIhumktOmmL6zjVUUYG', 'users', 'http://localhost', 0, 1, 0, '2023-02-03 16:04:23', '2023-02-03 16:04:23');

-- --------------------------------------------------------

--
-- Table structure for table `oauth_personal_access_clients`
--

CREATE TABLE `oauth_personal_access_clients` (
  `id` bigint(20) UNSIGNED NOT NULL,
  `client_id` bigint(20) UNSIGNED NOT NULL,
  `created_at` timestamp NULL DEFAULT NULL,
  `updated_at` timestamp NULL DEFAULT NULL
) ENGINE=InnoDB DEFAULT CHARSET=utf8mb4 COLLATE=utf8mb4_unicode_ci;

--
-- Dumping data for table `oauth_personal_access_clients`
--

INSERT INTO `oauth_personal_access_clients` (`id`, `client_id`, `created_at`, `updated_at`) VALUES
(1, 1, '2023-02-03 16:04:23', '2023-02-03 16:04:23');

-- --------------------------------------------------------

--
-- Table structure for table `oauth_refresh_tokens`
--

CREATE TABLE `oauth_refresh_tokens` (
  `id` varchar(100) NOT NULL,
  `access_token_id` varchar(100) NOT NULL,
  `revoked` tinyint(1) NOT NULL,
  `expires_at` datetime DEFAULT NULL
) ENGINE=InnoDB DEFAULT CHARSET=utf8mb4 COLLATE=utf8mb4_unicode_ci;

--
-- Dumping data for table `oauth_refresh_tokens`
--

INSERT INTO `oauth_refresh_tokens` (`id`, `access_token_id`, `revoked`, `expires_at`) VALUES
('1ed59b26cc7a825c4036a272fa73aeebbda1deb85a699bed1ab6453609a8b3c0d7a8fb0e63717bd0', 'a9830109c0194b382dc4f4b0985c9cbfd4099c648cf26d7f0b65df26d87a9f3098a959f50cbc6304', 0, '2024-02-05 19:44:41'),
('23df978a65fa1cee872a5647b03e792d45ab7d27885c512b494dcb09857c47182c739faacf5a6877', '90b5b37a837f1da7ed4f88265137942f8c24c3ebf8ef6f8f35cf64c64346dd7a23e39bcca0ed9bbc', 0, '2024-02-05 10:06:15'),
('4c412ffb765e10783a921272535de5b13570ee1f59bc1b70c1413335a9bee36ca8522e22a32babfd', 'c51cf12c391fe75aa69a6c90ee1ef5eae5d7c474b4e64269acc84f6c06986f7b52408db210b96cb0', 0, '2024-02-05 10:05:58'),
('76342543a1a1e39d68617aaee2b570ba37534079d33f1883f85f27051724cac6ef5b2c2cdbdaa679', 'ff8b72e471789a4aae75ed409582c549cf5163a239dfcc4485f49c3dd3e85280ff84cf7f7c82f0a1', 0, '2024-02-05 10:06:10'),
('a6861b0d54addfea977d974b17ddd6d4b8594d67b8682fb25e5dd324d5151782cb781c287dd90af9', '2924499c56a0e2f64cb54cc83b3154104ffb57c87007c08b83e109bf93bacbd7536ccc1e1a319dc0', 0, '2024-02-05 19:44:38'),
('c9d9a498358710953f770cbc0a3b22dd7c95709dc472c3aa7825cebd4ad1a9a67e79995b25c54240', 'db89f5824c3eb277c475c66a289fd19fa97c5f5138c12821dce62cfb17c85f46b0194284395d5efb', 0, '2024-02-05 10:06:12');

-- --------------------------------------------------------

--
-- Table structure for table `password_resets`
--

CREATE TABLE `password_resets` (
  `email` varchar(255) NOT NULL,
  `token` varchar(255) NOT NULL,
  `created_at` timestamp NULL DEFAULT NULL
) ENGINE=InnoDB DEFAULT CHARSET=utf8mb4 COLLATE=utf8mb4_unicode_ci;

-- --------------------------------------------------------

--
-- Table structure for table `personal_access_tokens`
--

CREATE TABLE `personal_access_tokens` (
  `id` bigint(20) UNSIGNED NOT NULL,
  `tokenable_type` varchar(255) NOT NULL,
  `tokenable_id` bigint(20) UNSIGNED NOT NULL,
  `name` varchar(255) NOT NULL,
  `token` varchar(64) NOT NULL,
  `abilities` text DEFAULT NULL,
  `last_used_at` timestamp NULL DEFAULT NULL,
  `expires_at` timestamp NULL DEFAULT NULL,
  `created_at` timestamp NULL DEFAULT NULL,
  `updated_at` timestamp NULL DEFAULT NULL
) ENGINE=InnoDB DEFAULT CHARSET=utf8mb4 COLLATE=utf8mb4_unicode_ci;

-- --------------------------------------------------------

--
-- Table structure for table `products`
--

CREATE TABLE `products` (
  `id` int(10) UNSIGNED NOT NULL,
  `name` varchar(255) NOT NULL,
  `detail` text NOT NULL,
  `price` int(11) NOT NULL,
  `stock` int(11) NOT NULL,
  `discount` int(11) NOT NULL,
  `created_at` timestamp NULL DEFAULT NULL,
  `updated_at` timestamp NULL DEFAULT NULL
) ENGINE=InnoDB DEFAULT CHARSET=utf8mb4 COLLATE=utf8mb4_unicode_ci;

--
-- Dumping data for table `products`
--

INSERT INTO `products` (`id`, `name`, `detail`, `price`, `stock`, `discount`, `created_at`, `updated_at`) VALUES
(1, 'Cecile Carroll', 'Aspernatur et adipisci facere eveniet. Qui quibusdam dolorem id dolorem laborum commodi dolorum.', 101, 35, 27, '2023-02-02 07:51:14', '2023-02-02 07:51:14'),
(2, 'Irving Strosin', 'Beatae sunt iure voluptate voluptas. Recusandae consequatur tempore ab iste ipsam. Placeat error fugit magni quis quam autem. Laboriosam eveniet molestias quia debitis et minima dolorum iusto.', 50, 71, 23, '2023-02-02 07:51:14', '2023-02-02 07:51:14'),
(3, 'Dr. Laverna Roberts V', 'Vero qui necessitatibus molestias sint modi. Ipsam autem eos fugit illum.', 90, 66, 26, '2023-02-02 07:51:14', '2023-02-02 07:51:14'),
(4, 'Miss Odie Bode MD', 'Omnis assumenda et voluptatum sed et est animi. Nostrum non sint vel et veniam et. Perspiciatis a ullam maiores asperiores quasi. Quidem ipsa dolorum vel enim dolorum. Ut qui nesciunt aut debitis et.', 134, 137, 12, '2023-02-02 07:51:14', '2023-02-02 07:51:14'),
(5, 'Prof. Rhianna Pouros', 'Quo ea libero consequuntur officia hic illo in reprehenderit. Soluta assumenda molestiae aut doloremque ut. Nemo magnam repudiandae aut ut laboriosam.', 63, 197, 20, '2023-02-02 07:51:14', '2023-02-02 07:51:14'),
(6, 'Lauretta Bechtelar', 'Hic animi quis velit neque consequatur assumenda. Quia maiores reiciendis harum provident explicabo occaecati. Iste ratione ab alias in enim magnam vel. Voluptatem iusto ea modi velit. Harum in quam fugit non.', 60, 114, 2, '2023-02-02 07:51:14', '2023-02-02 07:51:14'),
(7, 'Kyle Dibbert', 'Culpa in molestiae aliquid harum omnis fugiat aut. Incidunt perspiciatis autem ipsum ut corrupti sint. Reprehenderit earum cum sunt distinctio quo omnis sed.', 41, 87, 11, '2023-02-02 07:51:14', '2023-02-02 07:51:14'),
(8, 'Mrs. Octavia Lesch', 'Repellendus sed voluptatem architecto nobis voluptatem voluptas. Porro excepturi fuga illum eligendi consequatur optio non consectetur. Est dolor asperiores consequatur voluptates soluta velit.', 30, 80, 30, '2023-02-02 07:51:14', '2023-02-02 07:51:14'),
(9, 'Johnny Johnson', 'In minus ab voluptas sed in. Pariatur harum repellat id maiores eum perferendis eum.', 30, 80, 30, '2023-02-02 07:51:14', '2023-02-02 07:51:14'),
(10, 'Aric Feest V', 'Tempora veritatis saepe consectetur quae sint natus. Voluptas optio distinctio laboriosam asperiores aut. Est velit consequuntur ex ab consequuntur. Dolor nulla deleniti aut repudiandae consequuntur modi adipisci qui. Eum maiores quia exercitationem ipsum qui.', 20, 162, 26, '2023-02-02 07:51:14', '2023-02-02 07:51:14'),
(11, 'Dr. Greg Kiehn', 'Recusandae amet minima tenetur est eos illo. Rerum est sed et mollitia. Eum consequatur non et maiores facere error.', 94, 22, 21, '2023-02-02 07:51:14', '2023-02-02 07:51:14'),
(12, 'Sophie Goldner', 'Excepturi autem animi ad aut qui doloremque ratione dolorem. Aperiam eaque amet ab voluptatem rerum iste maxime ab.', 63, 52, 15, '2023-02-02 07:51:14', '2023-02-02 07:51:14'),
(13, 'Eddie Lemke', 'Delectus numquam totam ipsum est numquam enim qui. Ea sint est quibusdam veniam unde. Aut laudantium omnis fugit qui qui.', 142, 198, 26, '2023-02-02 07:51:14', '2023-02-02 07:51:14'),
(14, 'Leonel Kutch MD', 'Odit dolore minus magni deserunt quasi. Expedita harum perspiciatis consequatur aut aut omnis. Officiis minima veniam alias quo praesentium. Repellat velit placeat ea voluptatem cum animi.', 129, 156, 22, '2023-02-02 07:51:14', '2023-02-02 07:51:14'),
(15, 'Albina Batz', 'Placeat ratione minus laboriosam rerum accusamus quaerat fugit. Aut nam et quos error rem. Ex qui amet quae vitae. Iusto voluptatibus omnis esse consequatur nihil.', 148, 180, 14, '2023-02-02 07:51:14', '2023-02-02 07:51:14'),
(16, 'Edwin Kiehn Sr.', 'Exercitationem laboriosam quos fugiat est voluptatem minima. Inventore animi dolorem aut et ut consequuntur maiores.', 100, 139, 20, '2023-02-02 07:51:14', '2023-02-02 07:51:14'),
(17, 'Jaunita Jenkins', 'Sint quidem cupiditate fugiat aliquam vel odit fugit. Adipisci labore labore ea voluptatem dolor vel omnis. Aut reiciendis temporibus dolorum accusamus iure corrupti ducimus. Tenetur officia maxime aliquid et omnis quia. Recusandae sunt reiciendis illum velit.', 144, 164, 14, '2023-02-02 07:51:14', '2023-02-02 07:51:14'),
(18, 'Prof. Martin Casper V', 'Maxime vel aut ipsam et voluptatem eius non. Aut dignissimos voluptatem debitis.', 127, 162, 25, '2023-02-02 07:51:14', '2023-02-02 07:51:14'),
(19, 'Adelia Murphy', 'Magnam repudiandae voluptatem et temporibus sed. Et voluptatem inventore sint. Impedit a repellat autem sit ea commodi. Et sint minus aut voluptatem est ipsa magnam exercitationem.', 20, 170, 9, '2023-02-02 07:51:14', '2023-02-02 07:51:14'),
(20, 'Bernadette Parker', 'Aliquid exercitationem est atque minima vel. Quia ullam expedita ratione excepturi consequatur optio qui. Optio enim sunt esse.', 111, 143, 23, '2023-02-02 07:51:14', '2023-02-02 07:51:14'),
(21, 'Prof. Kayla Flatley II', 'Cupiditate et quia ut aliquam. Deleniti accusamus consequatur corporis facere voluptas molestiae non.', 117, 40, 24, '2023-02-02 07:51:14', '2023-02-02 07:51:14'),
(22, 'Millie Cronin', 'Et enim enim aut et debitis libero itaque nihil. Ipsa aut consectetur maxime voluptatem laboriosam repellendus ipsum. Animi quia deleniti minus sed tenetur.', 149, 81, 22, '2023-02-02 07:51:14', '2023-02-02 07:51:14'),
(23, 'Eliza Kuvalis', 'Aliquid fugiat ab rerum molestias. Vero nulla nihil deserunt rem hic. Minima et recusandae quasi cupiditate deserunt velit omnis nihil.', 30, 166, 26, '2023-02-02 07:51:14', '2023-02-02 07:51:14'),
(24, 'Greg Gislason Jr.', 'Ex unde omnis perspiciatis est eos quae nemo sed. Aut aspernatur et omnis voluptatem mollitia. Et placeat eligendi ut facilis hic quo.', 45, 33, 7, '2023-02-02 07:51:14', '2023-02-02 07:51:14'),
(25, 'Dessie Yundt', 'Minima nisi asperiores architecto odit repellendus quia. Quaerat sed ex est perspiciatis vitae quas. Qui rerum ab voluptatem illo perspiciatis. Quia laborum consequatur quasi autem.', 47, 154, 26, '2023-02-02 07:51:14', '2023-02-02 07:51:14'),
(26, 'Jaylan Howell', 'Sint ducimus illo aut deserunt officiis iure. Quam nihil voluptatem reiciendis ut necessitatibus. Magni libero a quibusdam quibusdam omnis porro.', 50, 109, 19, '2023-02-02 07:51:14', '2023-02-02 07:51:14'),
(27, 'Ophelia Mohr', 'Sint rem a incidunt rerum quasi suscipit mollitia. Sed non eos eos veritatis aut consequatur numquam.', 142, 44, 29, '2023-02-02 07:51:14', '2023-02-02 07:51:14'),
(28, 'Alana Schuster', 'Est maxime voluptatem labore praesentium voluptatem quia. Dolorem unde nisi aut libero. Maxime voluptates voluptates maiores qui. Dolorem asperiores totam adipisci voluptas.', 123, 34, 8, '2023-02-02 07:51:14', '2023-02-02 07:51:14'),
(29, 'Maiya Parker I', 'Tenetur corporis ea voluptas accusamus ut ipsum esse. Ad fuga vero quo ab ipsum quibusdam. Eos aliquam praesentium quisquam et sit. Repellendus nihil est qui facere consequuntur adipisci recusandae.', 75, 133, 28, '2023-02-02 07:51:14', '2023-02-02 07:51:14'),
(30, 'Aurore O\'Reilly', 'Non veritatis minus et ipsum itaque enim. Explicabo eligendi cumque provident et. Voluptatum quos dolores dolores quibusdam consequatur.', 89, 107, 15, '2023-02-02 07:51:14', '2023-02-02 07:51:14'),
(31, 'Dangelo Ebert', 'Facilis ullam ipsa est aliquid qui repellat. Blanditiis voluptatum dicta impedit enim aliquid voluptas. Quasi consequatur facilis quod facere iste delectus. Officia sit in quo magnam aut culpa.', 55, 147, 21, '2023-02-02 07:51:14', '2023-02-02 07:51:14'),
(32, 'Mr. Lenny Nicolas V', 'Perferendis quo et ut vel aliquid dolore aperiam quae. Vel necessitatibus quae esse eveniet necessitatibus nihil. Ratione enim minima aspernatur ducimus voluptatum ut. Sequi et perspiciatis aut rerum voluptate debitis.', 115, 34, 15, '2023-02-02 07:51:14', '2023-02-02 07:51:14'),
(33, 'Mrs. Delores Eichmann Sr.', 'Similique culpa aut voluptatem dolores molestiae porro nemo. Similique qui fuga inventore commodi quas. Voluptatem fugit rerum et unde molestias aspernatur.', 39, 111, 29, '2023-02-02 07:51:14', '2023-02-02 07:51:14'),
(34, 'Prof. Nelle Bruen IV', 'Culpa nihil reprehenderit asperiores ut aperiam recusandae soluta. Ad qui omnis necessitatibus est non id non. Reiciendis sit iste voluptates enim sint doloremque.', 136, 21, 4, '2023-02-02 07:51:14', '2023-02-02 07:51:14'),
(35, 'Dr. Rhett Auer IV', 'Architecto voluptas ipsam veniam doloremque voluptate. Ad dicta nisi id veritatis ut.', 17, 136, 29, '2023-02-02 07:51:14', '2023-02-02 07:51:14'),
(36, 'Griffin Torphy', 'Saepe est soluta assumenda animi. Vero molestiae et quidem id inventore. Aut qui et ut aut omnis sunt. Qui molestias perspiciatis id sunt eum in eligendi.', 69, 102, 4, '2023-02-02 07:51:14', '2023-02-02 07:51:14'),
(37, 'Octavia Kshlerin', 'Minus debitis optio et. Quam nulla a rerum sit minus vel corporis. Et quis tenetur quia odit vel eius. Doloremque laborum eum voluptatem id ex.', 19, 50, 15, '2023-02-02 07:51:14', '2023-02-02 07:51:14'),
(38, 'Haleigh Wiza', 'Inventore commodi sed cupiditate distinctio. Modi corporis voluptatum reprehenderit et. Commodi asperiores perferendis quia tempore dolore voluptas veniam sed.', 36, 150, 22, '2023-02-02 07:51:14', '2023-02-02 07:51:14'),
(39, 'Sigrid Medhurst', 'Consequuntur rerum praesentium eveniet voluptatibus quos doloribus. Et dolor consequatur excepturi ducimus rerum necessitatibus. Rerum minus repellendus magnam similique et cumque repellat. Architecto aut ut qui deleniti laborum fugiat.', 127, 180, 26, '2023-02-02 07:51:14', '2023-02-02 07:51:14'),
(40, 'Gabriella Botsford', 'Quam assumenda eveniet sapiente necessitatibus repellendus eligendi velit. Quis voluptas cumque in odio ipsa deleniti.', 128, 98, 18, '2023-02-02 07:51:14', '2023-02-02 07:51:14'),
(41, 'Margarett Cronin', 'Saepe ipsa veniam officia iste. Provident dicta quia labore quibusdam itaque. Ut dolorum et ea ex error. Minus velit asperiores et ea dolores alias placeat rerum. Temporibus commodi quis dolorum consequatur amet doloribus.', 45, 184, 18, '2023-02-02 07:51:14', '2023-02-02 07:51:14'),
(42, 'Marisa Kohler', 'Vitae sequi sit quia occaecati deleniti voluptatem. Est architecto sed commodi cupiditate excepturi est sint. Exercitationem est sint sed qui saepe mollitia. Consequuntur neque ab et modi molestiae.', 76, 179, 13, '2023-02-02 07:51:14', '2023-02-02 07:51:14'),
(43, 'Jaden Fahey', 'Eos porro assumenda inventore amet. Officia nihil est et dolore assumenda consequatur. Illo esse perferendis ex et.', 134, 40, 5, '2023-02-02 07:51:14', '2023-02-02 07:51:14'),
(44, 'Mr. Deon VonRueden', 'Occaecati maiores odio maiores nihil ad. Rerum nostrum est vitae nihil ipsa voluptas ullam. A est repudiandae perferendis nihil aut et omnis voluptatem.', 13, 61, 8, '2023-02-02 07:51:14', '2023-02-02 07:51:14'),
(45, 'Dr. Greg Marks', 'Amet quaerat aliquid officiis nihil recusandae error voluptatem voluptatem. Sequi quasi repudiandae aspernatur numquam optio est. Voluptatem reiciendis ut illo est dolor iure ut. Perferendis odit repellendus aut saepe pariatur incidunt soluta.', 79, 86, 30, '2023-02-02 07:51:14', '2023-02-02 07:51:14'),
(46, 'Dagmar Bradtke', 'Ducimus fuga esse molestias adipisci dolor ut. Quis nesciunt nam sapiente ducimus voluptas laborum id. In voluptatem quidem soluta sunt corrupti ea.', 155, 33, 29, '2023-02-02 07:51:14', '2023-02-02 07:51:14'),
(47, 'Cristina Cruickshank', 'Qui sit eveniet dicta harum. Quos et vitae nemo eos qui labore expedita. Reiciendis minima ducimus distinctio est sit. Qui ut non doloremque dolores.', 136, 157, 16, '2023-02-02 07:51:14', '2023-02-02 07:51:14'),
(48, 'Cristian Schumm', 'Deleniti molestiae voluptates rerum dicta ipsum aliquid et dolores. Enim corporis dolores id architecto et. Deserunt et fugit error aut facere quasi ratione.', 137, 86, 26, '2023-02-02 07:51:14', '2023-02-02 07:51:14'),
(49, 'Skylar Greenfelder', 'Numquam rem occaecati consectetur ad nam cum quas aperiam. Repellat consequatur voluptatem autem earum amet ullam iusto. Animi quas molestias consequuntur velit iusto quia. Iusto qui laboriosam corporis.', 124, 140, 16, '2023-02-02 07:51:14', '2023-02-02 07:51:14'),
(50, 'Lorem Impuls', 'loarewiwpvlwv fwefjiopsc[qw eqeqxeqxxe fvwefwdwc wedwecwd', 36, 26, 55, '2023-02-02 07:51:14', '2023-02-05 14:13:40');

-- --------------------------------------------------------

--
-- Table structure for table `reviews`
--

CREATE TABLE `reviews` (
  `id` int(10) UNSIGNED NOT NULL,
  `product_id` int(10) UNSIGNED NOT NULL,
  `name` varchar(255) NOT NULL,
  `review` text NOT NULL,
  `star` int(11) NOT NULL,
  `created_at` timestamp NULL DEFAULT NULL,
  `updated_at` timestamp NULL DEFAULT NULL
) ENGINE=InnoDB DEFAULT CHARSET=utf8mb4 COLLATE=utf8mb4_unicode_ci;

--
-- Dumping data for table `reviews`
--

INSERT INTO `reviews` (`id`, `product_id`, `name`, `review`, `star`, `created_at`, `updated_at`) VALUES
(1, 49, 'Verlie Hills Jr.', 'Placeat soluta aperiam dicta impedit ut alias. Accusantium eaque veritatis eos distinctio et aut explicabo. Sit quo ipsa eos dolore nemo.', 5, '2023-02-02 07:51:38', '2023-02-02 07:51:38'),
(2, 37, 'Dr. Margot Swift', 'Et non nihil unde ut assumenda. Rerum enim natus libero et earum et debitis. Ipsum facere et culpa rerum magnam quia laboriosam. Commodi dolorum porro qui rerum commodi et.', 4, '2023-02-02 07:51:38', '2023-02-02 07:51:38'),
(3, 36, 'Jamarcus Hudson', 'Rem qui dolore omnis facilis repellat amet voluptatibus consectetur. Ratione quia quibusdam eveniet suscipit.', 1, '2023-02-02 07:51:38', '2023-02-02 07:51:38'),
(4, 16, 'Prof. Emely Steuber', 'Quaerat odio id non ipsa dolorum. Similique unde similique accusantium eos consequatur ad consectetur. Quod qui voluptatem qui deleniti incidunt. Omnis fuga rerum perferendis inventore itaque quaerat dolorem excepturi.', 5, '2023-02-02 07:51:38', '2023-02-02 07:51:38'),
(5, 24, 'Jaren Turner', 'Excepturi excepturi tempora adipisci. Qui rerum voluptate ad a est. Aut sit facilis aliquid provident repellat vitae dolores.', 5, '2023-02-02 07:51:38', '2023-02-02 07:51:38'),
(6, 38, 'Monserrat Wilkinson', 'Dolorum voluptatem nostrum repellat qui facilis veritatis facilis. Magni similique esse numquam consequatur quo unde.', 2, '2023-02-02 07:51:38', '2023-02-02 07:51:38'),
(7, 4, 'Dr. Lazaro Langosh', 'Dolor reprehenderit quas quas eum. Hic nihil sed non facilis. Quisquam totam harum perferendis facere corrupti nemo. Excepturi nulla aut eligendi.', 0, '2023-02-02 07:51:38', '2023-02-02 07:51:38'),
(8, 11, 'Ms. Autumn Wisoky Jr.', 'Nihil ea atque dolor et. Voluptatem placeat ad qui in. Vel nemo consequatur sit veritatis rerum explicabo suscipit. Rerum est nesciunt sequi quas cumque.', 1, '2023-02-02 07:51:38', '2023-02-02 07:51:38'),
(9, 49, 'Russel Nicolas IV', 'Voluptatem sapiente ducimus expedita rerum dolor rerum. Quisquam reiciendis quas tempora dolor maiores porro corporis. Quaerat esse est quia qui.', 1, '2023-02-02 07:51:38', '2023-02-02 07:51:38'),
(10, 17, 'Dr. Clair Denesik', 'Et magnam eum dolor molestiae. Officia dolores veritatis repellendus est pariatur porro. Officiis odit debitis rem ut rem laudantium optio. Quis mollitia maxime ad quibusdam incidunt ut et.', 2, '2023-02-02 07:51:38', '2023-02-02 07:51:38'),
(11, 25, 'Rylan Mohr', 'Quis eum magnam omnis distinctio id doloremque qui. Placeat maiores facilis esse odit libero minima. Harum nostrum necessitatibus eos autem.', 3, '2023-02-02 07:51:38', '2023-02-02 07:51:38'),
(12, 30, 'Magnolia Swift IV', 'Sunt et eaque harum dolore ex. Perspiciatis ea odit harum voluptas occaecati ratione non aut. Adipisci sit consequatur maiores esse temporibus ullam necessitatibus delectus.', 1, '2023-02-02 07:51:38', '2023-02-02 07:51:38'),
(13, 2, 'Roselyn Hoeger', 'Dolores natus et excepturi et. Laboriosam accusamus beatae eum quo ut aliquid. Qui consequatur consequatur eius non. Est tenetur voluptatem omnis unde.', 1, '2023-02-02 07:51:38', '2023-02-02 07:51:38'),
(14, 29, 'Clark Braun', 'Molestiae dolor et autem velit autem aliquam pariatur. Saepe totam voluptatibus neque exercitationem optio magni qui reiciendis. Neque aspernatur ab explicabo omnis.', 5, '2023-02-02 07:51:38', '2023-02-02 07:51:38'),
(15, 8, 'Marta McClure PhD', 'Officiis temporibus cumque doloremque quae aspernatur inventore. Sint praesentium ea sed ducimus aut. Cum modi atque dicta ea praesentium praesentium aut. Laboriosam perspiciatis harum laboriosam autem est animi.', 5, '2023-02-02 07:51:38', '2023-02-02 07:51:38'),
(16, 31, 'Karianne Heathcote', 'Qui et vitae ut rerum sint iusto et. Accusantium rerum ratione qui possimus. Atque quo adipisci perspiciatis veniam perferendis sed.', 3, '2023-02-02 07:51:38', '2023-02-02 07:51:38'),
(17, 3, 'Tina Ankunding', 'Blanditiis totam libero aut possimus atque animi. Ullam et maxime magnam nostrum blanditiis id harum vel. Et et voluptas et quis.', 4, '2023-02-02 07:51:38', '2023-02-02 07:51:38'),
(18, 18, 'Marcia Satterfield', 'Voluptas ex voluptas placeat vero eum enim. Ab voluptate tempora similique maxime ea. Dicta iusto ut asperiores eum sunt vel eum vero. Ipsam ipsum provident voluptate corporis quibusdam quam ipsa. Voluptatum laborum facilis possimus.', 5, '2023-02-02 07:51:38', '2023-02-02 07:51:38'),
(19, 34, 'Alene Graham Jr.', 'Vel similique id quidem repudiandae et. Dolorem fugit dolorem est consequatur non. Aut quae porro quis tempore sunt et. Doloribus ipsa itaque laborum aut voluptatem.', 2, '2023-02-02 07:51:38', '2023-02-02 07:51:38'),
(20, 22, 'Ms. Savannah Paucek PhD', 'Repellendus maxime atque qui accusantium facilis delectus voluptatem assumenda. Explicabo laudantium quo excepturi atque. Similique eaque id sed aut consequatur aut inventore nihil.', 0, '2023-02-02 07:51:38', '2023-02-02 07:51:38'),
(21, 39, 'Kyleigh Runolfsson', 'Corrupti aliquid rerum corrupti consequatur. Cum eius omnis fugiat repellendus qui officia quaerat ratione. Est quam enim inventore quisquam eos qui quae. Labore ipsa rerum non eveniet voluptates.', 1, '2023-02-02 07:51:38', '2023-02-02 07:51:38'),
(22, 34, 'Dakota Olson', 'Inventore enim a ea eos et ipsa sit. Necessitatibus quis nulla aut quia aut voluptas suscipit voluptatem. Eum dolores eaque fuga maxime.', 5, '2023-02-02 07:51:38', '2023-02-02 07:51:38'),
(23, 25, 'Dr. Krystal Bednar', 'Ut beatae laboriosam aut eius. Ut repellat totam tempora consequuntur. Nihil nam perferendis aut laborum error.', 3, '2023-02-02 07:51:38', '2023-02-02 07:51:38'),
(24, 19, 'Dr. Brian Raynor', 'Eligendi sunt itaque laborum illum sit ex aut. Minus nihil est fugiat suscipit. Magni harum ipsa ullam at modi et necessitatibus fuga. Et quos nemo deleniti nisi.', 0, '2023-02-02 07:51:38', '2023-02-02 07:51:38'),
(25, 6, 'Marcellus Shanahan', 'Voluptatibus accusantium sed vel in ut aut eius. Quidem omnis ipsa aut minus omnis. Fuga at minima eos natus eaque.', 2, '2023-02-02 07:51:38', '2023-02-02 07:51:38'),
(26, 41, 'Wilfredo Mraz', 'Quis quia sunt impedit ullam alias. Inventore non doloribus optio ut in explicabo rerum. Commodi minus ipsum beatae et.', 5, '2023-02-02 07:51:38', '2023-02-02 07:51:38'),
(27, 42, 'Emmalee Stoltenberg', 'Omnis error atque sequi. Rem quaerat voluptates magni dicta. Numquam ab saepe consequatur eum numquam totam ut odit.', 3, '2023-02-02 07:51:38', '2023-02-02 07:51:38'),
(28, 30, 'Marilou Heaney', 'Vero inventore et et totam qui et beatae et. Iusto rerum vero quidem assumenda sed quaerat. Ipsam eum ea eligendi ea delectus. Enim saepe consequatur ut est et dolores.', 3, '2023-02-02 07:51:38', '2023-02-02 07:51:38'),
(29, 34, 'Esmeralda Stamm', 'Et eos excepturi eum eos praesentium magni ipsa. Optio exercitationem voluptate aspernatur sed quo libero nostrum. Non perspiciatis reiciendis qui non voluptas. Est temporibus et enim ut expedita mollitia ullam aut.', 4, '2023-02-02 07:51:38', '2023-02-02 07:51:38'),
(30, 48, 'Everett Gulgowski III', 'Adipisci sed quo excepturi ab consequatur. Quia animi illo sint dolores autem. Nam iure nemo ut corrupti rem consequatur. Enim sed ipsa rerum quae provident error.', 0, '2023-02-02 07:51:38', '2023-02-02 07:51:38'),
(31, 47, 'Scot Rice', 'Sit nemo doloremque ut magnam consectetur libero sed enim. Qui accusamus quo voluptate. Necessitatibus reiciendis est nulla.', 0, '2023-02-02 07:51:38', '2023-02-02 07:51:38'),
(32, 3, 'Prof. Savion Bernier', 'Beatae quaerat quia harum veniam qui ipsam. Tempora adipisci dolores molestiae eum voluptatem aut. Explicabo est molestiae itaque est.', 2, '2023-02-02 07:51:38', '2023-02-02 07:51:38'),
(33, 5, 'Leonel Terry', 'Sequi dolorum quaerat fugit. Culpa commodi error perferendis autem numquam ut. Amet doloribus eos non dicta.', 5, '2023-02-02 07:51:38', '2023-02-02 07:51:38'),
(34, 18, 'Narciso Baumbach', 'Rem enim in voluptas non veniam ullam ut. Tempora quis cumque ab ex.', 0, '2023-02-02 07:51:38', '2023-02-02 07:51:38'),
(35, 2, 'Clark Rau', 'Adipisci deleniti sequi rerum pariatur ut commodi. Accusamus atque voluptatem molestiae reprehenderit harum consequatur ullam. Quibusdam ut ducimus velit tempore fugiat.', 3, '2023-02-02 07:51:38', '2023-02-02 07:51:38'),
(36, 17, 'Jacynthe Waelchi IV', 'Ut eos rem at officia culpa. Ad consequatur id est tenetur quia magni qui laborum. Magnam excepturi molestiae voluptatem. Et ad nihil nobis dolorem animi. Ipsum et et sit voluptatem.', 3, '2023-02-02 07:51:38', '2023-02-02 07:51:38'),
(37, 41, 'Colton Upton', 'Eum et provident perferendis maxime impedit itaque. Maxime qui ut doloribus libero consequatur.', 4, '2023-02-02 07:51:38', '2023-02-02 07:51:38'),
(38, 41, 'Anya Hodkiewicz', 'Et numquam vel voluptates nobis officia nemo. Itaque quos officia et at sit quasi. Quia sequi mollitia excepturi dolorem et.', 3, '2023-02-02 07:51:38', '2023-02-02 07:51:38'),
(39, 1, 'Theron Muller', 'Quae nihil laboriosam est quis assumenda blanditiis. Nesciunt reiciendis mollitia est qui accusamus. Sed ut quos aspernatur autem tempora. Velit non tempora est sint non architecto quis.', 0, '2023-02-02 07:51:38', '2023-02-02 07:51:38'),
(40, 39, 'Hal Abernathy', 'Distinctio voluptatem veniam officiis ea. Non suscipit saepe doloremque qui. Saepe ipsum aut nihil consectetur.', 4, '2023-02-02 07:51:38', '2023-02-02 07:51:38'),
(41, 13, 'Ms. Ollie Hane IV', 'Quia et earum in modi quaerat error nesciunt. Minima error est velit ut. Debitis omnis qui ipsum.', 0, '2023-02-02 07:51:38', '2023-02-02 07:51:38'),
(42, 32, 'Vivianne Waelchi', 'Voluptates a est dolore ut natus. Neque distinctio ea beatae sit. Laudantium totam velit magni libero ut iure.', 5, '2023-02-02 07:51:38', '2023-02-02 07:51:38'),
(43, 25, 'Hope Mayer', 'Voluptas aut eveniet dolor. Aut et ducimus deleniti incidunt. Reiciendis qui voluptatibus expedita vel voluptatibus. Et ut voluptatum natus est rerum non.', 3, '2023-02-02 07:51:38', '2023-02-02 07:51:38'),
(44, 39, 'Lowell Bartell', 'Laudantium amet corporis quod inventore enim et ut. Voluptas ullam in consequuntur sit et neque aut sed. Nobis quisquam accusantium consequatur labore ea et qui. Veritatis expedita omnis blanditiis harum voluptatem omnis id. Vero consequuntur doloremque doloremque vel tenetur quam quis illo.', 4, '2023-02-02 07:51:38', '2023-02-02 07:51:38'),
(45, 2, 'Ignacio Botsford', 'Quos sint voluptates qui necessitatibus iure enim perferendis voluptatem. Temporibus repudiandae et asperiores magni perspiciatis laudantium tenetur. Sit consequatur exercitationem deserunt voluptate est neque dolor.', 4, '2023-02-02 07:51:38', '2023-02-02 07:51:38'),
(46, 37, 'May Bradtke', 'Voluptatem earum aut ab distinctio. Architecto voluptates aut delectus iste minima ullam. Ab voluptas et aut asperiores. Quo porro similique quisquam rem et rem veniam.', 5, '2023-02-02 07:51:38', '2023-02-02 07:51:38'),
(47, 41, 'Alfonzo Zemlak IV', 'Laudantium velit quam placeat eaque repellat nihil incidunt enim. Ipsa et possimus aperiam. Voluptas omnis laborum tempore facere officia maiores.', 0, '2023-02-02 07:51:38', '2023-02-02 07:51:38'),
(48, 40, 'Maxwell Abbott', 'Velit corrupti totam praesentium ut. Consequatur id illum aut quas. Qui voluptates et optio occaecati. Culpa velit suscipit voluptatum dolor.', 1, '2023-02-02 07:51:38', '2023-02-02 07:51:38'),
(49, 42, 'Estel Kessler', 'Asperiores quis quo similique amet neque soluta tempora. Est et non voluptas eligendi. Quas sunt qui possimus distinctio magnam enim dolor cupiditate. Ut veritatis laborum possimus voluptatem.', 5, '2023-02-02 07:51:38', '2023-02-02 07:51:38'),
(50, 34, 'Jaeden Schmitt', 'Debitis dolores eum ut qui. Ut repellendus autem dolor ipsam aut. Maxime nulla quasi earum aspernatur molestias qui.', 4, '2023-02-02 07:51:38', '2023-02-02 07:51:38'),
(51, 13, 'Kirstin Blanda', 'Deserunt sit sint nisi sequi error porro sit. Eum consectetur dolores esse assumenda quasi vitae. Esse in sint beatae veniam impedit ducimus. Alias ab fugit est nihil.', 0, '2023-02-02 07:51:38', '2023-02-02 07:51:38'),
(52, 8, 'Wellington Little Jr.', 'Perspiciatis dolorem suscipit saepe reprehenderit. Placeat molestiae ea aut aut ipsam. Sapiente tempore perferendis qui id recusandae. Qui iste ipsa quod veritatis autem deserunt dolorem.', 0, '2023-02-02 07:51:38', '2023-02-02 07:51:38'),
(53, 33, 'Miss Della Gutkowski', 'Ratione itaque repellat voluptatum et et id totam. Hic numquam totam qui. Mollitia maiores saepe excepturi.', 4, '2023-02-02 07:51:38', '2023-02-02 07:51:38'),
(54, 15, 'Prof. Hoyt Satterfield DVM', 'Itaque ut molestias vitae nam. Culpa explicabo maxime explicabo id quaerat.', 3, '2023-02-02 07:51:38', '2023-02-02 07:51:38'),
(55, 11, 'Gerhard Greenholt', 'Explicabo odit maiores voluptas ipsam est perferendis sed consequatur. Non et inventore laborum voluptatibus voluptatem velit. Dolore quo quasi distinctio qui. Adipisci blanditiis minima et repudiandae eius.', 3, '2023-02-02 07:51:38', '2023-02-02 07:51:38'),
(56, 2, 'Syble Rempel', 'Aut excepturi corrupti enim quas natus et. Tempore cupiditate quis nihil. Soluta voluptatibus voluptatem odio vel dolore magnam.', 5, '2023-02-02 07:51:38', '2023-02-02 07:51:38'),
(57, 38, 'Kaylie Roob', 'Recusandae modi et cumque repudiandae. Et dolores eum sed ut nostrum. Dolores quod veritatis omnis voluptas modi.', 3, '2023-02-02 07:51:38', '2023-02-02 07:51:38'),
(58, 26, 'Nils Kulas', 'Optio at fugiat eveniet quasi ratione. Ut consequuntur perferendis nihil eos dicta sit. Molestiae omnis officia illum dolorem. Eum doloribus magni eaque ut et.', 3, '2023-02-02 07:51:38', '2023-02-02 07:51:38'),
(59, 21, 'Mr. Baylee Johnston IV', 'Autem quae aut voluptas illo aut. Dolorem est nulla error alias enim expedita.', 1, '2023-02-02 07:51:38', '2023-02-02 07:51:38'),
(60, 10, 'Sierra Ferry', 'Ut amet sed magnam iure minima debitis iste. Cupiditate voluptate et quia aliquam eos. Magnam totam dolorem ad aut ab. Non ab quisquam beatae sit aut est error ut.', 5, '2023-02-02 07:51:38', '2023-02-02 07:51:38'),
(61, 13, 'Josiah Anderson DVM', 'Quidem ipsam et est tempore. Quia porro ipsam eveniet illo qui. Eius magni corporis dolor ea. Et sunt quia et voluptas consectetur maxime non vero.', 1, '2023-02-02 07:51:38', '2023-02-02 07:51:38'),
(63, 21, 'Meda Nolan III', 'Voluptates a est aut totam. Quis iure et animi nemo. Voluptatem earum tenetur quaerat nemo numquam non assumenda. Neque in deserunt libero quia voluptas ad architecto quos. Maiores quia temporibus in eos dicta dolorem.', 2, '2023-02-02 07:51:38', '2023-02-02 07:51:38'),
(64, 19, 'Dusty Durgan', 'Veniam praesentium cum numquam animi qui qui. Voluptates voluptas dicta reiciendis repudiandae consequuntur dolorum nihil. Dolores maxime fugiat praesentium accusantium repellat reiciendis modi quia.', 4, '2023-02-02 07:51:38', '2023-02-02 07:51:38'),
(65, 27, 'Fabian Kuhic', 'Doloremque provident sed facilis reprehenderit ut quis. Quidem fugit et dignissimos molestiae. Praesentium quia exercitationem tenetur tenetur. Reprehenderit at consequatur exercitationem quas veniam saepe.', 4, '2023-02-02 07:51:38', '2023-02-02 07:51:38'),
(66, 42, 'D\'angelo Bayer', 'Nihil tempore eius distinctio nobis ratione corporis. Quisquam quasi vitae distinctio sit eum provident ea praesentium. Perspiciatis nobis placeat sint blanditiis. Quam voluptatem provident velit aut delectus.', 1, '2023-02-02 07:51:38', '2023-02-02 07:51:38'),
(67, 47, 'Ernesto Jacobi', 'Asperiores maxime non eaque culpa repellat aut voluptatem aut. Nisi laboriosam vitae rem placeat non rerum suscipit. Dolor odio repellat saepe similique animi. Minima dolore occaecati sed culpa ipsum quia qui.', 0, '2023-02-02 07:51:38', '2023-02-02 07:51:38'),
(68, 46, 'Miss Elenora Hermann III', 'Officiis quia eveniet ea iusto. Animi et sunt quo numquam aspernatur impedit sapiente. Est qui rerum est saepe. Nisi distinctio eos eligendi beatae porro quia voluptatem.', 2, '2023-02-02 07:51:38', '2023-02-02 07:51:38'),
(69, 11, 'Yvette Lebsack', 'Magnam repellat enim nesciunt minima ut. Vel sunt et nulla labore tenetur. Omnis dolorum est adipisci ea natus adipisci architecto.', 2, '2023-02-02 07:51:38', '2023-02-02 07:51:38'),
(70, 16, 'Lilliana Corkery', 'Harum accusamus ullam est consequuntur explicabo velit fuga. Maiores voluptate corrupti non corporis.', 2, '2023-02-02 07:51:38', '2023-02-02 07:51:38'),
(71, 48, 'Mikel Heidenreich V', 'Neque consequuntur ut incidunt non ut porro. Non aut perferendis dicta ad aspernatur quo. Sunt necessitatibus deleniti sed nihil omnis. Enim nulla reiciendis enim aut dolorum dolores fugit doloremque.', 3, '2023-02-02 07:51:38', '2023-02-02 07:51:38'),
(72, 47, 'Estrella Hilpert', 'Laboriosam sed est dolor labore. Ad est qui sapiente beatae eius fuga saepe ad. Quia repellendus dolores tempore maxime tenetur animi repellat voluptate. Sapiente tempora sunt labore pariatur laboriosam eum. Eum totam alias laboriosam qui numquam tenetur.', 2, '2023-02-02 07:51:38', '2023-02-02 07:51:38'),
(73, 14, 'Paris Waters', 'Nobis est iure magnam commodi quo quo. Recusandae occaecati voluptates non ut et enim. Alias sunt qui porro sit.', 5, '2023-02-02 07:51:38', '2023-02-02 07:51:38'),
(74, 19, 'Prof. Bernhard Marquardt', 'Et a fugit enim veritatis. Sunt voluptas fugiat voluptate occaecati. Sit rem ut et et. Ad amet et et possimus aliquid id corrupti. Et deleniti dolorum doloremque.', 5, '2023-02-02 07:51:38', '2023-02-02 07:51:38'),
(75, 14, 'Hobart Erdman III', 'Et voluptate velit quam vitae. Possimus temporibus dolorem fuga et. Esse velit modi et facilis exercitationem ipsam facere minus.', 0, '2023-02-02 07:51:38', '2023-02-02 07:51:38'),
(76, 5, 'Miss Anjali Feest', 'Non consequatur et vero facere accusamus et pariatur. Omnis cum non quisquam et.', 2, '2023-02-02 07:51:38', '2023-02-02 07:51:38'),
(77, 47, 'Max Wisoky', 'Corporis est sint et quasi quaerat. Aut unde ut officiis aperiam aut saepe eaque. Tempora et perspiciatis voluptate asperiores reprehenderit inventore.', 0, '2023-02-02 07:51:38', '2023-02-02 07:51:38'),
(78, 6, 'Louie Turner DDS', 'Qui aut deleniti sint. Ipsum necessitatibus soluta animi corporis fugit rerum asperiores error. Vero nihil nihil unde dignissimos. Sapiente ut sequi amet soluta recusandae enim.', 0, '2023-02-02 07:51:38', '2023-02-02 07:51:38'),
(79, 44, 'Mabel Harris PhD', 'Et possimus dignissimos ab voluptatum pariatur sit. Voluptas architecto qui iste molestias dolorem quia aliquam. Eum molestiae excepturi maxime maxime. Officia placeat voluptas culpa provident dolor aperiam.', 0, '2023-02-02 07:51:38', '2023-02-02 07:51:38'),
(80, 9, 'Jacquelyn Cummings', 'Deserunt voluptatem vel ut doloribus delectus repellendus. Qui consequuntur cum accusamus possimus voluptatum magni. Et id ut dolores.', 3, '2023-02-02 07:51:38', '2023-02-02 07:51:38'),
(81, 35, 'Theodora Stokes', 'Exercitationem aut laboriosam voluptatem optio qui sed. Maxime voluptatibus est id sit ut. Sequi qui voluptatem harum impedit velit maxime labore. Adipisci praesentium culpa corporis assumenda quia.', 4, '2023-02-02 07:51:38', '2023-02-02 07:51:38'),
(82, 34, 'Norbert Runte', 'Maxime temporibus qui et est expedita ut ipsam. Ex dolores voluptatem omnis autem odit id. Quia qui molestiae sunt voluptas.', 5, '2023-02-02 07:51:38', '2023-02-02 07:51:38'),
(83, 43, 'Maureen Kuhn', 'Alias in rerum ut voluptatibus iste aut necessitatibus. Eligendi itaque id enim dolor molestiae. Atque et corrupti dolor cum nesciunt sapiente qui.', 4, '2023-02-02 07:51:38', '2023-02-02 07:51:38'),
(84, 32, 'Elaina Reichel', 'Aut at molestiae omnis est. Est aliquam ad adipisci iusto temporibus aliquam nesciunt. Dolores accusamus iusto vitae. Dolore qui qui necessitatibus minima voluptatem.', 3, '2023-02-02 07:51:38', '2023-02-02 07:51:38'),
(85, 39, 'Julian Hamill', 'Omnis dicta consectetur error vero sequi voluptatem. Dolores et non quam.', 5, '2023-02-02 07:51:38', '2023-02-02 07:51:38'),
(86, 30, 'Dock Purdy', 'Necessitatibus consequatur voluptatem et consequatur ut laborum modi. Maiores vero rem non quia rerum sint eos. Quam vel fugit voluptatem quia rerum quasi. Dolor tempora ut quis inventore et voluptas dolorem. Vero cum quia vitae.', 1, '2023-02-02 07:51:38', '2023-02-02 07:51:38'),
(87, 21, 'Wilfrid Russel', 'Est deleniti aliquid nesciunt et dignissimos ratione architecto. Consequatur laborum fugiat dicta voluptatem. Similique voluptatum quasi soluta vel qui incidunt dignissimos.', 3, '2023-02-02 07:51:38', '2023-02-02 07:51:38'),
(88, 17, 'Gussie Feil', 'Ut ut ut ducimus consequatur. Quo atque illo sint consequuntur recusandae est quo. Et excepturi illo sint.', 0, '2023-02-02 07:51:38', '2023-02-02 07:51:38'),
(89, 36, 'Ophelia Pfeffer', 'Nihil aut ut ex necessitatibus quis. Dicta aliquid tempore maiores quod excepturi eligendi. Accusantium aspernatur qui assumenda dolorem. Similique placeat repellendus voluptate officia.', 5, '2023-02-02 07:51:38', '2023-02-02 07:51:38'),
(90, 28, 'Zaria Romaguera', 'Explicabo sed ullam quasi atque sed ullam cupiditate explicabo. Natus facere porro est adipisci nemo nostrum neque. Deserunt ratione eum debitis distinctio quidem et voluptate. Et dignissimos dolores nesciunt molestias tenetur et.', 5, '2023-02-02 07:51:38', '2023-02-02 07:51:38'),
(91, 11, 'Omari Bartell I', 'Sed sunt cupiditate aut id maiores. Qui sint ut repellendus est culpa. Quisquam animi sed perferendis et fuga et expedita. Repellendus et blanditiis quisquam corrupti sint exercitationem.', 3, '2023-02-02 07:51:38', '2023-02-02 07:51:38'),
(92, 20, 'Gayle Rogahn II', 'Quis reiciendis ut atque quis. At facilis corrupti rem itaque. Id quia explicabo sed sapiente. Vitae autem sit animi at.', 0, '2023-02-02 07:51:38', '2023-02-02 07:51:38'),
(93, 22, 'Kathryne Carter', 'Id velit et culpa. Reiciendis est et aut velit assumenda nisi quaerat. Molestias fugiat mollitia mollitia dolorem delectus. Facere reiciendis eius iste ex.', 3, '2023-02-02 07:51:38', '2023-02-02 07:51:38'),
(94, 30, 'Lily Lesch', 'Delectus ut quidem deleniti similique perspiciatis sint. Aspernatur qui ex dolor. Fugit optio dolorem et magni.', 2, '2023-02-02 07:51:38', '2023-02-02 07:51:38'),
(95, 19, 'Lucy Hill', 'Qui in quis neque est aspernatur. Consequatur aut pariatur voluptatibus explicabo consequatur aut. Et nisi qui est sint quibusdam modi libero. Est et labore incidunt quis.', 5, '2023-02-02 07:51:38', '2023-02-02 07:51:38'),
(96, 36, 'Prof. Idell Howe', 'Quos dolores facere omnis sunt provident. Vero quia hic voluptates minus commodi eligendi. Deserunt ea quaerat vitae eligendi blanditiis velit. Ipsum quod eveniet quia distinctio.', 2, '2023-02-02 07:51:38', '2023-02-02 07:51:38'),
(97, 1, 'Melyssa Mayer', 'Repudiandae quaerat perspiciatis ipsa modi aut. Ipsa dicta dignissimos quia ea voluptatibus culpa adipisci. Quod et fuga placeat perspiciatis dolor. Quidem veritatis sit ex. Et quo repudiandae nam qui nihil.', 3, '2023-02-02 07:51:38', '2023-02-02 07:51:38'),
(98, 44, 'Lucie Weimann', 'Quibusdam corporis totam aperiam sed ea earum eum. Quia facere numquam explicabo veritatis aut quae dolorem. Debitis quae quo explicabo eligendi cumque consectetur. Sunt velit reprehenderit eos et quia iure. Mollitia sequi qui quos accusantium.', 3, '2023-02-02 07:51:38', '2023-02-02 07:51:38'),
(99, 27, 'Dr. Nelson Keeling', 'Nobis atque quaerat autem dolorem dolorem ut odio. Magni corrupti dolore quae dolor sunt. Facilis et cumque perspiciatis ut.', 2, '2023-02-02 07:51:38', '2023-02-02 07:51:38'),
(100, 45, 'Hugh Zulauf Sr.', 'Vel corrupti cum excepturi atque maxime voluptate. Dolor exercitationem corrupti hic. Voluptas rerum expedita maiores rerum qui.', 5, '2023-02-02 07:51:38', '2023-02-02 07:51:38'),
(101, 28, 'Otilia Osinski PhD', 'Rerum recusandae rerum natus explicabo enim quo enim. Et rerum nobis nemo sunt nihil dolorum eum.', 3, '2023-02-02 07:51:38', '2023-02-02 07:51:38'),
(102, 16, 'Garth Corwin', 'Sunt et ut quas et aut qui. Sed eius autem et repudiandae et provident. Hic cupiditate sed animi deserunt beatae earum velit. Et eum sint iure fugit corrupti fuga vel in.', 5, '2023-02-02 07:51:38', '2023-02-02 07:51:38'),
(103, 21, 'Cielo Hettinger', 'Adipisci omnis delectus deleniti quo dolorem repellat omnis. Amet nesciunt deserunt fugiat enim at eos temporibus. Voluptatem perferendis explicabo voluptatum eos.', 4, '2023-02-02 07:51:38', '2023-02-02 07:51:38'),
(104, 42, 'Laura Mayert', 'Deserunt vitae nostrum delectus est. Officia dolor facilis dolorum in qui exercitationem illum. Eum aut quisquam ipsam odio vel est. Deserunt quis et nesciunt nam reiciendis maiores.', 4, '2023-02-02 07:51:38', '2023-02-02 07:51:38'),
(105, 33, 'Ms. Selina Hudson Sr.', 'Enim inventore porro optio sapiente suscipit et voluptatum. Est veritatis accusamus ut molestiae et aspernatur quidem. Eligendi necessitatibus aliquam quis dolorem esse facilis. Ipsam minima molestiae voluptatibus.', 5, '2023-02-02 07:51:38', '2023-02-02 07:51:38'),
(106, 48, 'Fleta Fay', 'Perspiciatis quam sint deleniti ad. Totam et est neque consequuntur iste harum odit. Necessitatibus culpa quis et aut illo.', 0, '2023-02-02 07:51:38', '2023-02-02 07:51:38'),
(107, 21, 'Alverta Auer', 'Aut adipisci similique eum laborum aut. Officia vero nihil temporibus dolorem qui alias. Vel mollitia autem in est est. Facilis repellendus omnis numquam maxime.', 4, '2023-02-02 07:51:38', '2023-02-02 07:51:38'),
(108, 44, 'Nicolas Weissnat III', 'Magnam quidem soluta repudiandae animi dolores nulla. Sint quibusdam qui voluptas. Et architecto distinctio culpa odit aspernatur. Tenetur qui nisi magni autem minima iste velit. Tempora excepturi non qui itaque quis numquam esse.', 1, '2023-02-02 07:51:38', '2023-02-02 07:51:38'),
(109, 45, 'Miss Claire Bayer PhD', 'Et quam earum et. Voluptas eaque rerum ut aut amet. Corrupti aperiam dolores fugit et sunt iusto.', 3, '2023-02-02 07:51:38', '2023-02-02 07:51:38'),
(110, 16, 'Art Jakubowski PhD', 'Laboriosam deserunt voluptatum blanditiis esse dolores. Commodi magni praesentium nihil blanditiis sit dicta est. Placeat aut quisquam voluptatibus.', 1, '2023-02-02 07:51:38', '2023-02-02 07:51:38'),
(111, 31, 'Jarret Gleichner', 'Labore dignissimos est esse sed. Quod odio et quisquam est hic sequi. Minima et accusamus quis et qui eos. Recusandae id totam iusto aut eum.', 0, '2023-02-02 07:51:38', '2023-02-02 07:51:38'),
(112, 39, 'Blake Zieme', 'Dolorem laboriosam mollitia hic debitis enim id. Nostrum asperiores iusto iste cupiditate repellat iste. Consequatur aut ipsam dolore sit reprehenderit fugit.', 1, '2023-02-02 07:51:38', '2023-02-02 07:51:38'),
(113, 7, 'Kade Becker', 'Ipsam laborum sed qui et ut autem molestiae. Laboriosam harum ea ut illo. Qui sapiente harum blanditiis quia perferendis odit magnam. Aspernatur aliquid et ut et.', 2, '2023-02-02 07:51:38', '2023-02-02 07:51:38'),
(114, 24, 'Prof. Gayle McClure I', 'Quia voluptatem quidem repudiandae. Quam fugiat recusandae odit voluptatum. Voluptatem assumenda impedit sed laboriosam odio.', 5, '2023-02-02 07:51:38', '2023-02-02 07:51:38'),
(115, 41, 'Dedrick Olson', 'Corporis beatae vel ipsam. Est cupiditate ut itaque dolore placeat excepturi. Beatae aut est sequi. Blanditiis quo est incidunt nobis.', 3, '2023-02-02 07:51:38', '2023-02-02 07:51:38'),
(116, 20, 'Mae Bins', 'Non aliquam voluptates occaecati asperiores. Incidunt quo inventore tenetur placeat ut excepturi aut libero. Quaerat nisi labore facilis facilis.', 5, '2023-02-02 07:51:38', '2023-02-02 07:51:38'),
(117, 28, 'Ashleigh Hammes', 'In totam qui debitis in nam quaerat aliquid. Officia quae necessitatibus libero rerum maiores doloribus quo. Quos maxime eum ipsa eum. Rerum ducimus itaque repellendus corrupti laboriosam ex. Et assumenda harum et itaque.', 2, '2023-02-02 07:51:38', '2023-02-02 07:51:38'),
(118, 2, 'Trystan Hansen IV', 'Aut est impedit autem voluptatum. Et labore voluptatem at quidem architecto qui fugiat. Soluta blanditiis molestias est consequatur eaque.', 3, '2023-02-02 07:51:38', '2023-02-02 07:51:38'),
(119, 28, 'Damon Crooks', 'Impedit non quia enim et eaque. Laudantium sapiente atque deleniti totam fugiat error ipsam. Rerum omnis nam officiis.', 4, '2023-02-02 07:51:38', '2023-02-02 07:51:38'),
(120, 32, 'Guadalupe Wyman', 'Illo fugiat voluptatem ratione voluptatem rerum. Quo soluta aspernatur ullam aut qui. Est et repellendus voluptas aut. Aliquam eveniet nihil quia ut amet rerum.', 2, '2023-02-02 07:51:38', '2023-02-02 07:51:38'),
(121, 31, 'Kavon Bartoletti DDS', 'Sed qui mollitia numquam est assumenda rerum rerum. Odio minima porro consectetur et reprehenderit. Consectetur officia cum qui fugiat itaque doloremque et.', 3, '2023-02-02 07:51:38', '2023-02-02 07:51:38'),
(122, 15, 'Miss Mandy Kuhlman', 'Mollitia rerum quia est. Sed quo beatae autem beatae. Rerum voluptatem dolores ea dolor.', 4, '2023-02-02 07:51:38', '2023-02-02 07:51:38'),
(123, 43, 'Geovanni Rippin', 'Atque voluptatem autem vero dicta. Nam tenetur libero fuga sint.', 1, '2023-02-02 07:51:38', '2023-02-02 07:51:38'),
(124, 1, 'Muriel Langworth V', 'Qui numquam consectetur aliquid similique dolor est. Unde dolorem similique omnis est. Dolore ducimus nesciunt libero et ipsum.', 1, '2023-02-02 07:51:38', '2023-02-02 07:51:38'),
(125, 42, 'Prof. Rocio Will', 'Id et sint veritatis voluptate illo rerum. Explicabo consectetur voluptatem molestiae distinctio. Rerum dolores odit neque reiciendis.', 1, '2023-02-02 07:51:38', '2023-02-02 07:51:38'),
(126, 34, 'Rene Kunze DVM', 'Quia qui asperiores provident corporis adipisci ut. Ut commodi optio voluptas magnam sed consectetur. Exercitationem saepe nulla quia sit. Aliquam modi natus quasi error vero consequuntur sapiente.', 0, '2023-02-02 07:51:38', '2023-02-02 07:51:38'),
(127, 36, 'Joana Skiles', 'Et quaerat doloremque cupiditate quasi eum molestiae est. Ad deleniti odio ut incidunt inventore. Non vitae nesciunt est ut illum ut sed.', 3, '2023-02-02 07:51:38', '2023-02-02 07:51:38'),
(128, 25, 'Kayley Ryan', 'Commodi voluptas voluptatem sapiente eligendi consequuntur unde eum. Reiciendis praesentium incidunt soluta cum. Dolores quasi et nihil vero. Earum velit impedit atque.', 3, '2023-02-02 07:51:38', '2023-02-02 07:51:38'),
(129, 45, 'Colten Jones', 'Voluptas id nam consequatur ad. Ut est et qui cupiditate architecto. In ipsa eos reprehenderit qui distinctio.', 5, '2023-02-02 07:51:38', '2023-02-02 07:51:38'),
(130, 1, 'Nicolas Gleichner', 'Autem error molestiae quo quam. Dolorem error excepturi explicabo sed sed quas sint. Adipisci maxime tempore voluptate enim hic.', 3, '2023-02-02 07:51:38', '2023-02-02 07:51:38'),
(131, 4, 'Fernando Kertzmann Sr.', 'Voluptate rerum quas est. Accusamus impedit velit numquam omnis quia. Aliquid voluptatibus et maiores. Aspernatur temporibus temporibus sequi dolore mollitia.', 0, '2023-02-02 07:51:38', '2023-02-02 07:51:38'),
(132, 1, 'Sim Ebert', 'Consequatur quas tenetur sint amet numquam error reiciendis. Aliquam a fugit sit perferendis excepturi porro ea repellat. Rem non sequi consequatur esse quibusdam et. Maxime repudiandae perferendis assumenda cupiditate ut harum hic. Molestiae ab voluptatem sapiente sint eum perferendis repellat.', 0, '2023-02-02 07:51:38', '2023-02-02 07:51:38'),
(133, 25, 'Dr. Freda Bernier', 'Ipsam porro cupiditate provident. Quidem veniam quia odio consequatur tempora mollitia voluptatem blanditiis. Reprehenderit magni eos non.', 2, '2023-02-02 07:51:38', '2023-02-02 07:51:38'),
(134, 47, 'Tomasa Stanton', 'Suscipit ea ratione numquam quo aut non nesciunt. Ipsa ducimus cupiditate sit ut fugit voluptas. Repudiandae vel ratione sed voluptas.', 3, '2023-02-02 07:51:38', '2023-02-02 07:51:38'),
(135, 4, 'Lonzo Batz', 'Est quia eius sed aliquam. Corporis adipisci qui velit tenetur aliquam numquam est. Enim molestias cumque distinctio ducimus alias et modi. Praesentium exercitationem quae qui voluptatibus eveniet non officia.', 3, '2023-02-02 07:51:38', '2023-02-02 07:51:38'),
(136, 41, 'Drake McCullough', 'Fuga vero sunt hic maiores id. Temporibus et dolor voluptate eaque illo est.', 1, '2023-02-02 07:51:38', '2023-02-02 07:51:38'),
(137, 18, 'Nina Goyette', 'Deleniti voluptatum delectus voluptatem qui reiciendis. A nam et perspiciatis ut sint eligendi. Veritatis id est praesentium nobis est eius labore. Et ut corrupti impedit qui.', 2, '2023-02-02 07:51:38', '2023-02-02 07:51:38'),
(138, 21, 'Prof. Eden Bogan Sr.', 'Voluptas ut soluta ab eos ut. Nulla amet consequuntur repellat eius nihil quia. Quia beatae quia alias eum.', 4, '2023-02-02 07:51:38', '2023-02-02 07:51:38'),
(139, 30, 'Mya Schowalter', 'Sed architecto sint non modi molestiae quo. Nemo autem dolorem consectetur voluptatem sint est qui. Voluptatem libero porro perferendis temporibus dolor consectetur suscipit.', 5, '2023-02-02 07:51:38', '2023-02-02 07:51:38'),
(140, 33, 'Miss Shaina Kuvalis V', 'Est voluptas unde magnam. Quas illum rerum maiores aut perferendis. Mollitia vel voluptatum voluptas eaque velit dolores qui. Cum vitae porro possimus exercitationem incidunt provident in. Pariatur qui pariatur eum consequatur vel.', 3, '2023-02-02 07:51:38', '2023-02-02 07:51:38'),
(141, 48, 'Dr. Cornelius Rau', 'Ut non placeat et commodi provident. Dolor sit deleniti quaerat perferendis tempora ab. Inventore ratione at eligendi reprehenderit.', 4, '2023-02-02 07:51:38', '2023-02-02 07:51:38'),
(142, 18, 'Anabelle Homenick', 'Ducimus molestiae voluptas ea voluptate fugiat occaecati. Voluptas non id ipsum perferendis. Sint eius placeat veritatis quod vero. Dolorem autem sed consequuntur vero iure incidunt et.', 3, '2023-02-02 07:51:38', '2023-02-02 07:51:38'),
(143, 20, 'Geovanny Waters', 'Ut aliquam quas quos non reiciendis. Architecto soluta voluptate sint consequatur excepturi nostrum molestias. Corporis qui dolorem cumque debitis distinctio quia cumque.', 4, '2023-02-02 07:51:38', '2023-02-02 07:51:38'),
(144, 19, 'Dr. Lonnie Rogahn', 'Amet rerum ipsa sit quam corporis et. Assumenda ut commodi et voluptates perspiciatis magni repellendus. Vel quae nihil repellendus adipisci blanditiis et.', 4, '2023-02-02 07:51:38', '2023-02-02 07:51:38'),
(145, 20, 'Olga Heaney', 'Dolorem dolor molestiae fugit. Sit facere qui rem assumenda dolorem. Est provident accusantium sed.', 4, '2023-02-02 07:51:38', '2023-02-02 07:51:38'),
(146, 23, 'Dr. Connor Hansen', 'Quis consectetur iusto et ut voluptate. Saepe aut aut aut consequatur qui quisquam est. Perferendis ea sunt sint commodi maxime. Qui molestiae quod praesentium veniam quo.', 4, '2023-02-02 07:51:38', '2023-02-02 07:51:38'),
(147, 27, 'Dr. Hailee Stark', 'Aut impedit quis voluptatem laudantium officia quod quia. Dolorum qui est numquam veritatis dicta perferendis repellat. Veritatis rerum tempora suscipit eveniet ea itaque quas porro. Asperiores ut consequatur illo voluptas. Accusantium exercitationem est nihil.', 2, '2023-02-02 07:51:38', '2023-02-02 07:51:38'),
(148, 37, 'Gladyce Bashirian', 'Blanditiis quae quo quas voluptatum maiores ducimus. Voluptatem officiis vitae odio excepturi veniam dolor. Omnis nostrum est enim delectus officiis est enim. Quas neque pariatur at et.', 1, '2023-02-02 07:51:38', '2023-02-02 07:51:38'),
(149, 5, 'Rory Pfeffer', 'Iure sunt id vel nesciunt est. Velit consequatur minima voluptas aut aut aut harum. Qui natus ratione sit velit id corporis consequatur. Sit repudiandae in est molestiae temporibus quidem doloremque.', 5, '2023-02-02 07:51:38', '2023-02-02 07:51:38'),
(150, 27, 'Vernie Beatty', 'Enim quo non ad et. At omnis porro et et saepe blanditiis.', 3, '2023-02-02 07:51:38', '2023-02-02 07:51:38'),
(151, 30, 'Henry Bergnaum PhD', 'Est consequatur facere et voluptates est natus quo. Magni quia consequatur praesentium id laudantium sequi ratione. Ut voluptatem deleniti qui hic. Corporis est repellat aut sed aut velit eveniet excepturi.', 1, '2023-02-02 07:51:38', '2023-02-02 07:51:38'),
(152, 27, 'Mr. Adriel Kertzmann PhD', 'Numquam iure quae suscipit ad. Eaque in quia nobis qui est est. Facere reprehenderit labore qui debitis vel. Quae unde delectus assumenda quia reprehenderit.', 3, '2023-02-02 07:51:38', '2023-02-02 07:51:38'),
(153, 25, 'Ms. Jannie White DVM', 'Maiores consequatur rerum recusandae est ducimus dolores facere. Et ea id maiores qui in.', 5, '2023-02-02 07:51:38', '2023-02-02 07:51:38'),
(154, 16, 'Casimer Graham', 'Ipsam omnis modi dolorem. Est iure dolor magni blanditiis ut et voluptatem. Error est in rem quia impedit. Mollitia tempore distinctio neque ipsam quisquam.', 4, '2023-02-02 07:51:38', '2023-02-02 07:51:38'),
(155, 5, 'Lester Murphy', 'Perferendis est qui repudiandae quo reprehenderit error delectus. Ut ut aspernatur consequatur ut quaerat. Numquam nostrum ut nobis consectetur. Autem facilis id voluptas ipsam dignissimos earum.', 4, '2023-02-02 07:51:38', '2023-02-02 07:51:38'),
(156, 40, 'Prof. Jazmin Kuhlman', 'Nostrum illo tempore pariatur odit sint. Sint quo eaque facilis aliquid laborum non qui qui. Provident et laudantium molestiae temporibus quis rem. Veniam sunt id nesciunt quia voluptas ut sed est. Reiciendis et nihil debitis ea incidunt consectetur.', 3, '2023-02-02 07:51:38', '2023-02-02 07:51:38'),
(157, 29, 'Mrs. Winona Wolf', 'Porro doloremque quod animi hic. Sed expedita aliquid voluptate earum quam numquam laborum aperiam. Et quis non incidunt aperiam sapiente aut. Quia aspernatur qui esse vel vel nostrum eaque. Quae est distinctio sit aut vel aut delectus.', 0, '2023-02-02 07:51:38', '2023-02-02 07:51:38'),
(158, 27, 'Lambert Cummerata', 'Impedit rem et accusamus eos nemo. Ut eos ipsum consequatur eveniet molestiae id dolores. Eligendi nemo culpa vitae ea accusantium quia. Libero veniam explicabo asperiores eos quo explicabo.', 0, '2023-02-02 07:51:38', '2023-02-02 07:51:38'),
(159, 19, 'Alan Dare IV', 'Hic sed vero sint enim voluptatem incidunt. Eum minus deserunt aliquid. Assumenda possimus animi voluptatem.', 4, '2023-02-02 07:51:38', '2023-02-02 07:51:38'),
(160, 31, 'Roselyn Lindgren', 'Eveniet eos velit dolorem recusandae. Aliquid est odio et eius nulla asperiores. Doloremque voluptatibus quia hic sequi rerum sit.', 4, '2023-02-02 07:51:38', '2023-02-02 07:51:38'),
(161, 9, 'Mrs. Amie Langworth PhD', 'Earum aut sapiente magni qui ullam et. Quisquam unde ad perspiciatis non asperiores. Enim aut vel earum.', 3, '2023-02-02 07:51:38', '2023-02-02 07:51:38'),
(162, 29, 'Prof. Nelson Huel', 'Fugiat assumenda autem dolore quae et recusandae architecto. Qui non doloremque consequatur aut aut autem et ullam. Quo tempora error occaecati alias iusto.', 3, '2023-02-02 07:51:38', '2023-02-02 07:51:38'),
(163, 41, 'Blair Luettgen', 'Consequatur dicta laboriosam qui asperiores. Harum recusandae atque et. Sint doloremque eius sunt explicabo veritatis nihil recusandae. Voluptates enim labore fuga aut quo.', 1, '2023-02-02 07:51:38', '2023-02-02 07:51:38'),
(164, 47, 'Valerie Hoppe', 'Exercitationem corporis enim rerum ullam voluptas. Quisquam beatae sapiente et sunt recusandae soluta. Quia itaque voluptate harum aspernatur ipsa.', 3, '2023-02-02 07:51:38', '2023-02-02 07:51:38'),
(165, 44, 'Mr. Donato Kreiger MD', 'Porro velit voluptatem dolorum ipsa. Odio harum consequatur magnam. Pariatur nobis et et error et qui doloribus enim. At dolor non recusandae voluptatem vel atque.', 1, '2023-02-02 07:51:38', '2023-02-02 07:51:38'),
(166, 37, 'Ms. Candida Reinger MD', 'Voluptatum eum expedita fugiat. In aspernatur rem fugit repellat aut hic magnam. Voluptate fugit voluptatibus porro doloribus a dignissimos.', 3, '2023-02-02 07:51:38', '2023-02-02 07:51:38'),
(167, 35, 'Mr. Norval Jakubowski Jr.', 'Ea ut cum quos corrupti. Numquam et dolor sit et. Ex eligendi eligendi dicta eligendi quia. Et harum harum aut alias fuga recusandae tenetur molestias.', 2, '2023-02-02 07:51:38', '2023-02-02 07:51:38'),
(168, 47, 'Wava Bergstrom', 'Aut et delectus ipsa minus odio. Labore vel et ratione consequatur odit animi consequatur. Ipsa et voluptates qui aut natus. Libero asperiores ducimus quae illum repellat ipsa blanditiis.', 1, '2023-02-02 07:51:38', '2023-02-02 07:51:38'),
(169, 26, 'Stephan VonRueden', 'Qui qui aut dolores error. Minus a possimus impedit numquam praesentium. Dolor fugit dolorem natus.', 3, '2023-02-02 07:51:38', '2023-02-02 07:51:38'),
(170, 47, 'Mr. Ottis Tillman III', 'Praesentium aliquam qui maiores veniam quam. Amet vel aut sed quidem vero. Eligendi omnis laudantium dolorem a.', 3, '2023-02-02 07:51:38', '2023-02-02 07:51:38'),
(171, 28, 'Prof. Christophe Mitchell', 'Molestias laudantium possimus vel ducimus rerum natus sit. Autem quia sunt quisquam qui. Dolorem ea qui dolorem ipsum consequatur. Non reiciendis incidunt repellat nobis iste distinctio.', 5, '2023-02-02 07:51:38', '2023-02-02 07:51:38'),
(172, 22, 'Ryan Koss', 'Quo alias laudantium ut ut qui nemo. Aliquid aut nobis adipisci non voluptatem eum temporibus. Tempore et est nostrum maxime. Dolores nam hic aut molestiae.', 5, '2023-02-02 07:51:38', '2023-02-02 07:51:38'),
(173, 31, 'Jeanette Fahey IV', 'Aspernatur inventore a repellendus sed. Libero beatae necessitatibus esse est laborum et cupiditate.', 1, '2023-02-02 07:51:38', '2023-02-02 07:51:38'),
(174, 7, 'Valentine Watsica PhD', 'Vero fugiat fugit aut dolorem. Aliquid cum debitis et. Eos at porro esse necessitatibus quisquam aut velit. Consequatur deserunt similique illo iusto.', 4, '2023-02-02 07:51:38', '2023-02-02 07:51:38'),
(175, 24, 'Mireya Bayer', 'Culpa et et quis voluptate exercitationem sapiente maxime. In quis quia sit.', 5, '2023-02-02 07:51:38', '2023-02-02 07:51:38'),
(176, 26, 'Ms. Josephine Jakubowski IV', 'Quia molestias cum accusamus velit distinctio iste. Veniam velit illum molestias consequatur voluptas odit exercitationem iusto. Ut dolore accusamus aliquid amet.', 2, '2023-02-02 07:51:38', '2023-02-02 07:51:38'),
(177, 47, 'Vickie Zemlak', 'Reiciendis ipsam consequatur laudantium expedita eos et. Nostrum molestiae sint qui molestias. Voluptate dignissimos nisi quaerat tenetur doloremque molestias est.', 5, '2023-02-02 07:51:38', '2023-02-02 07:51:38'),
(178, 38, 'Dr. Gonzalo Nader', 'Quia omnis rerum dolorem corporis omnis dolores at sed. Ut et placeat unde quis. Consequatur et enim nihil et in labore. Ullam sapiente voluptates et. Similique voluptas adipisci ut exercitationem ab tempore.', 0, '2023-02-02 07:51:38', '2023-02-02 07:51:38'),
(179, 50, 'Carmel Kuhlman Jr.', 'Id nisi voluptas quasi quis rerum in. Pariatur ut magni eligendi sunt. Ut velit quos architecto qui magni aut qui. Omnis dolores est corporis eum tenetur.', 1, '2023-02-02 07:51:38', '2023-02-02 07:51:38'),
(180, 26, 'Darwin Feest', 'Perspiciatis qui ab velit reiciendis quod aut. Fugiat adipisci fuga molestiae omnis autem blanditiis omnis. Illum labore eos nesciunt accusantium vitae eos necessitatibus.', 1, '2023-02-02 07:51:38', '2023-02-02 07:51:38'),
(181, 49, 'Sylvan Hermann', 'Sequi quia itaque debitis et quis accusamus. Illo consequatur earum qui in repellendus voluptatem provident qui. Quia nesciunt doloribus molestias non.', 4, '2023-02-02 07:51:38', '2023-02-02 07:51:38'),
(182, 40, 'Gunner Keebler', 'Natus voluptates mollitia expedita suscipit voluptas fuga et. Asperiores beatae est maiores molestiae voluptas soluta debitis magni. Eum ullam ipsa explicabo magnam qui natus. Et reiciendis est corporis quis unde sapiente.', 0, '2023-02-02 07:51:38', '2023-02-02 07:51:38'),
(183, 10, 'Pete Hegmann', 'Quidem quis praesentium qui beatae dicta eveniet porro exercitationem. Et qui sed et odio. Perspiciatis sequi ea nam quasi. Quo aut nisi omnis nobis blanditiis earum.', 4, '2023-02-02 07:51:38', '2023-02-02 07:51:38'),
(184, 22, 'Corrine Zboncak', 'Et quia nihil qui quam et ut vitae voluptatem. Illo id itaque architecto sapiente aut. Ea aut ab et fugit velit.', 1, '2023-02-02 07:51:38', '2023-02-02 07:51:38'),
(185, 33, 'Mr. Zion Corwin', 'Assumenda tenetur voluptas non praesentium ut dignissimos. Voluptatem qui vel tempora voluptatem quo. Maiores est optio autem magni sed similique. Consequatur itaque culpa molestiae totam dolore doloribus illo.', 0, '2023-02-02 07:51:38', '2023-02-02 07:51:38'),
(186, 10, 'Miss Yesenia Swaniawski III', 'Veritatis nisi occaecati voluptatibus non omnis neque voluptas. Pariatur dolor quis minima atque quia. Consequuntur amet quidem aut omnis dolore corporis nulla. Minus harum cupiditate sit cumque.', 3, '2023-02-02 07:51:38', '2023-02-02 07:51:38'),
(187, 33, 'Mr. Clement Romaguera', 'Deserunt quasi amet ullam expedita animi illo inventore. Et perferendis sapiente occaecati porro provident iusto. Quibusdam et ab pariatur accusantium recusandae rerum maxime. Ex inventore eos beatae doloremque.', 5, '2023-02-02 07:51:38', '2023-02-02 07:51:38'),
(188, 27, 'Fletcher Luettgen', 'Nam temporibus illo minima dolor nesciunt id doloribus laudantium. Nihil est sint dolor et. Beatae iusto sint ut officia voluptatum praesentium. Impedit et sunt voluptates totam eveniet quae. At iusto reiciendis dolorem debitis ad.', 0, '2023-02-02 07:51:38', '2023-02-02 07:51:38'),
(189, 24, 'Prof. Maya Lang', 'Pariatur consequuntur dolores rerum. Aliquid necessitatibus quos voluptatem asperiores doloribus mollitia. Voluptate omnis ipsum est dolorum molestiae eos iste. Minima earum nobis aut veritatis illum doloremque ab. Facere qui ut eaque deleniti minus aut ab.', 1, '2023-02-02 07:51:38', '2023-02-02 07:51:38'),
(190, 31, 'Miss Myrna Boehm MD', 'Ut voluptatum maiores fugiat repudiandae odit et itaque. Ut autem quos dolores voluptates.', 4, '2023-02-02 07:51:38', '2023-02-02 07:51:38'),
(191, 49, 'Prof. Gonzalo Toy III', 'Magni explicabo animi animi aut ipsa. Qui est voluptatem aut dolores vitae impedit commodi. Et vero enim animi accusamus. Optio rerum rem eaque temporibus.', 2, '2023-02-02 07:51:38', '2023-02-02 07:51:38'),
(192, 31, 'Misty Corkery', 'Exercitationem aspernatur voluptatem tenetur nulla consequatur aut. Dolorem fugiat totam eum quis molestias quia sequi. Sed voluptas et ab recusandae totam qui porro.', 1, '2023-02-02 07:51:38', '2023-02-02 07:51:38'),
(193, 26, 'Thomas Reynolds Jr.', 'Tenetur tempora at natus voluptatem architecto omnis. Officia blanditiis voluptate ad ratione. Atque esse dolorem natus. Fuga recusandae dicta labore et voluptas. Omnis et cum sit quam aspernatur necessitatibus mollitia.', 1, '2023-02-02 07:51:38', '2023-02-02 07:51:38'),
(194, 38, 'Bridget Orn', 'Eaque consequatur nesciunt ut dolores porro qui. Dolore dicta qui sunt quia ab rem. Maiores iusto praesentium assumenda quisquam nihil. Laudantium expedita totam nam eveniet ipsa.', 2, '2023-02-02 07:51:38', '2023-02-02 07:51:38'),
(195, 33, 'Darrick Ratke', 'Nihil iusto unde itaque incidunt ex animi. Accusantium eos recusandae consectetur nihil rem officiis non. Omnis quia eius autem distinctio eligendi velit.', 3, '2023-02-02 07:51:38', '2023-02-02 07:51:38'),
(196, 31, 'Sylvan Paucek', 'Animi nemo nisi amet qui. Consequuntur exercitationem autem repudiandae voluptatum ea consequatur. Exercitationem praesentium veniam aut qui veritatis. Nihil quia voluptatibus molestiae natus cumque.', 5, '2023-02-02 07:51:38', '2023-02-02 07:51:38'),
(197, 39, 'Tyreek Feest', 'Molestiae eum voluptas dolor aspernatur quo. Omnis iste et voluptatibus ea provident facere. Est illum veniam est neque incidunt.', 4, '2023-02-02 07:51:38', '2023-02-02 07:51:38'),
(198, 31, 'Kobe Boyer', 'Et nostrum et voluptatibus non voluptatum inventore et. Deserunt quis et earum aut eaque aut. Accusamus doloremque esse placeat alias temporibus. Voluptas sint est perspiciatis veniam qui commodi. Et nam consectetur quia est.', 0, '2023-02-02 07:51:38', '2023-02-02 07:51:38'),
(199, 31, 'Porter Reichert Sr.', 'Debitis voluptas ut accusantium rerum eos minus in quas. Aut quis sunt possimus maxime voluptatem quia. Itaque eos et mollitia facilis.', 4, '2023-02-02 07:51:38', '2023-02-02 07:51:38'),
(200, 15, 'Mrs. Makenzie Langworth IV', 'Voluptatibus est quia non. Aliquam autem occaecati perferendis culpa dolorem rerum dignissimos. In sit aut fuga veniam sint voluptatem. Sit autem est velit fuga aspernatur. Quae et et non molestiae rerum.', 0, '2023-02-02 07:51:38', '2023-02-02 07:51:38'),
(201, 50, 'Matilde Wiegand', 'Repellat provident animi ea distinctio harum voluptas cumque. Magni atque aspernatur possimus eveniet. Fugit ut et voluptatem iure maiores delectus sequi qui. Aperiam natus est error atque.', 0, '2023-02-02 07:51:38', '2023-02-02 07:51:38'),
(202, 13, 'Cyril Osinski', 'Ea culpa commodi ipsa necessitatibus quo voluptatem aperiam dignissimos. Adipisci illum qui ducimus delectus molestias dolor. Qui eum rem quae suscipit voluptates. Quia dolore assumenda est facere aspernatur.', 1, '2023-02-02 07:51:38', '2023-02-02 07:51:38'),
(203, 36, 'Breanne Keebler', 'Consequuntur esse omnis dolor laudantium. Ea cupiditate quo quo consequatur maiores quae in. At eos sequi veniam. Delectus voluptatem explicabo beatae nemo voluptatem autem qui.', 2, '2023-02-02 07:51:38', '2023-02-02 07:51:38'),
(204, 6, 'Mr. Emilio Jacobs', 'Iusto sequi incidunt laudantium quia sed. Quis qui aspernatur sit iste quasi aliquam saepe quasi. Quae quasi rem perferendis quod dolor ut.', 0, '2023-02-02 07:51:38', '2023-02-02 07:51:38'),
(205, 3, 'Rosalee Oberbrunner II', 'Cupiditate dolores sed qui impedit. Fugit ut cumque veritatis occaecati est nulla quasi. Eveniet aliquid libero officiis vel iste veritatis et. Nulla consequatur rerum natus aliquid occaecati qui maxime.', 2, '2023-02-02 07:51:38', '2023-02-02 07:51:38'),
(206, 32, 'Gust Zieme MD', 'Enim ipsam consequatur ut veritatis enim. Dolor iusto recusandae officia quis optio ipsum ut. Et rerum nesciunt quasi nobis. Et et error sunt earum qui animi soluta.', 0, '2023-02-02 07:51:38', '2023-02-02 07:51:38'),
(207, 27, 'Rogers Mosciski', 'Odio veritatis asperiores eum excepturi. Aperiam illum ut corporis mollitia. Occaecati explicabo consequatur explicabo rem occaecati dolorem voluptate.', 3, '2023-02-02 07:51:38', '2023-02-02 07:51:38'),
(208, 15, 'Anabelle Will', 'Quisquam illo esse consequatur ut mollitia et laborum. Non nesciunt ab quas velit minima. Id eos dolorem asperiores dolorem sed libero voluptatem.', 3, '2023-02-02 07:51:38', '2023-02-02 07:51:38'),
(209, 35, 'David Streich', 'Qui minima minus deleniti ex aut. Necessitatibus doloremque qui repellat qui eum repellendus quisquam possimus. In nihil aut modi. Consectetur omnis perferendis ipsa.', 3, '2023-02-02 07:51:38', '2023-02-02 07:51:38');
INSERT INTO `reviews` (`id`, `product_id`, `name`, `review`, `star`, `created_at`, `updated_at`) VALUES
(210, 29, 'Dr. Joany Weissnat II', 'Numquam quibusdam ad iure sint repudiandae recusandae reiciendis. Asperiores quia ut est iste veritatis beatae similique saepe. Quae ea accusamus enim earum voluptates.', 5, '2023-02-02 07:51:38', '2023-02-02 07:51:38'),
(211, 46, 'Anais Rice', 'Est in et sed itaque tempore. Atque velit et impedit qui sed aperiam et. Nobis illum distinctio sit voluptate blanditiis ad optio.', 0, '2023-02-02 07:51:38', '2023-02-02 07:51:38'),
(212, 21, 'Terrell Schinner', 'Ea dicta alias sint ut non. Omnis similique laboriosam qui est in.', 1, '2023-02-02 07:51:38', '2023-02-02 07:51:38'),
(213, 42, 'Dion Miller', 'Labore at perspiciatis praesentium tempore. Omnis beatae numquam vero dignissimos qui perspiciatis. Voluptatibus dignissimos expedita unde aliquid.', 0, '2023-02-02 07:51:38', '2023-02-02 07:51:38'),
(214, 50, 'Anne Spinka', 'Soluta eos labore consequatur quis et voluptatem illum. Architecto ea sunt nemo explicabo natus. Voluptatem eos quia consequatur enim deserunt porro sapiente. Aut dignissimos quisquam autem eos rem.', 0, '2023-02-02 07:51:38', '2023-02-02 07:51:38'),
(215, 43, 'Ariane Feest', 'Nisi minus molestias ipsa repellat voluptatem. Eius vel et reprehenderit minus. Voluptas excepturi laboriosam est unde excepturi.', 2, '2023-02-02 07:51:38', '2023-02-02 07:51:38'),
(216, 40, 'Dawn Hudson', 'Quibusdam omnis dolore ut qui. Ad et corporis aspernatur et dicta officia vitae. Itaque totam nesciunt aut eligendi excepturi blanditiis sit. Aut est velit quo et quidem.', 1, '2023-02-02 07:51:38', '2023-02-02 07:51:38'),
(217, 19, 'Jennyfer Monahan', 'Quis cumque aspernatur nesciunt molestiae neque aut. Temporibus ratione omnis laboriosam ipsum iste quaerat. Ducimus reprehenderit incidunt velit iusto sint.', 2, '2023-02-02 07:51:38', '2023-02-02 07:51:38'),
(218, 18, 'Mr. Brian Glover III', 'Quia eos libero laborum. Est dolor sequi voluptatem accusantium distinctio. Ipsam et laborum repellendus assumenda aliquid dolores ex.', 2, '2023-02-02 07:51:38', '2023-02-02 07:51:38'),
(219, 8, 'Lafayette Kub MD', 'Porro unde tempore autem sunt. Vitae velit dignissimos iure. Cumque fugit et fuga eos officiis illum.', 2, '2023-02-02 07:51:38', '2023-02-02 07:51:38'),
(220, 14, 'Zella Hayes', 'Dolorum qui nemo et odio dicta. Ipsa eveniet recusandae totam inventore temporibus qui. Est in quam et fugit beatae. Repellendus eveniet quisquam pariatur rem doloremque pariatur impedit occaecati.', 4, '2023-02-02 07:51:38', '2023-02-02 07:51:38'),
(221, 2, 'Soledad Lesch II', 'Sit assumenda aut repellendus dolorem dolorem doloremque blanditiis quo. Et et voluptatem odio qui fugiat. Officiis et quisquam sed omnis voluptatem. Magnam adipisci itaque est ullam enim explicabo eveniet.', 3, '2023-02-02 07:51:38', '2023-02-02 07:51:38'),
(222, 22, 'Leanna Lind', 'Saepe molestias praesentium reiciendis non nisi. Similique expedita aperiam qui illum eligendi tenetur. Labore eius fugiat ad ipsa eius molestiae voluptatem.', 3, '2023-02-02 07:51:38', '2023-02-02 07:51:38'),
(223, 28, 'Aliya Yost Sr.', 'Pariatur ullam eos omnis porro quidem. Magnam ut nihil neque quibusdam et debitis.', 5, '2023-02-02 07:51:38', '2023-02-02 07:51:38'),
(224, 35, 'Dr. Karelle O\'Hara', 'Omnis magni ea aliquid repudiandae nobis ut molestiae. Quod quia neque aut. Id adipisci sed nemo sunt voluptas maxime voluptatem cumque. Blanditiis consequatur animi id quasi eveniet.', 5, '2023-02-02 07:51:38', '2023-02-02 07:51:38'),
(225, 42, 'Alice Rippin', 'Architecto quos reprehenderit odit nostrum aperiam fugiat voluptatem. Quae odio aperiam qui adipisci velit. Autem sint voluptatem impedit nihil ea autem.', 4, '2023-02-02 07:51:38', '2023-02-02 07:51:38'),
(226, 33, 'Elisha Bartell Sr.', 'Reiciendis perferendis sed maxime sit. Vero nulla et asperiores omnis possimus et. Voluptatem omnis molestias dolorum quibusdam.', 1, '2023-02-02 07:51:38', '2023-02-02 07:51:38'),
(227, 48, 'Daisy Boyer', 'Voluptatem et et eum aut deleniti velit in. Reiciendis est ut dolor. Ab et et enim nihil eos facere.', 2, '2023-02-02 07:51:38', '2023-02-02 07:51:38'),
(228, 46, 'Abdul Gleichner', 'Consectetur in laboriosam pariatur ut rerum eos. Sed voluptate voluptatem consequatur dolores praesentium. Eum aut quaerat est officiis.', 5, '2023-02-02 07:51:38', '2023-02-02 07:51:38'),
(229, 28, 'Dr. Candido Bahringer I', 'Quo culpa consequatur tempora minus delectus beatae. Debitis sed qui in doloremque et aut et. Eos quod ut qui velit et qui magnam sed. Neque consequatur quia aut et voluptates odit. Soluta exercitationem consequatur velit quod magni.', 1, '2023-02-02 07:51:38', '2023-02-02 07:51:38'),
(230, 6, 'Dr. Joannie Reynolds', 'Est accusantium sint asperiores soluta repellat. Qui sunt pariatur voluptas sit. Suscipit ea aut numquam voluptatibus. Recusandae reiciendis ut perferendis et. Non veniam nulla sapiente quasi voluptas id.', 5, '2023-02-02 07:51:38', '2023-02-02 07:51:38'),
(231, 18, 'Breanna Murazik', 'Magnam nam repudiandae officiis et aspernatur. Eveniet aperiam aliquid et nostrum. Architecto voluptatibus nihil odit aut quas. Accusantium dolor a veritatis rerum nesciunt. Minus explicabo magni quas eligendi totam voluptatem.', 0, '2023-02-02 07:51:38', '2023-02-02 07:51:38'),
(232, 5, 'Ms. Maud Jenkins', 'Fuga perferendis hic optio quia omnis id et. Tenetur consectetur corporis dolores praesentium id rem. Et autem ad ratione eos veniam repellat.', 5, '2023-02-02 07:51:38', '2023-02-02 07:51:38'),
(233, 22, 'Toby Kemmer', 'Nisi maxime fuga alias perferendis voluptatem incidunt velit. Voluptatem officia qui sequi autem assumenda ab reiciendis ut.', 3, '2023-02-02 07:51:38', '2023-02-02 07:51:38'),
(234, 19, 'Mr. Emmanuel Corwin', 'Sunt delectus id eaque. Facere sequi quis nisi expedita officia dolores nemo labore. Odio dicta ducimus similique perspiciatis omnis voluptatem.', 4, '2023-02-02 07:51:38', '2023-02-02 07:51:38'),
(235, 21, 'Annette Watsica', 'Tempora amet et perferendis voluptatum. Odio rem sunt sint officiis vero. Et quo dolor tempore eligendi. Incidunt aut sit recusandae dolorum incidunt molestias.', 2, '2023-02-02 07:51:38', '2023-02-02 07:51:38'),
(236, 44, 'Kaela Kiehn MD', 'Quia ad et porro dolorum fugit. Quis vel aut harum dicta. Velit perspiciatis ut culpa blanditiis perspiciatis rerum. At sunt autem aut dignissimos soluta distinctio sed adipisci.', 1, '2023-02-02 07:51:38', '2023-02-02 07:51:38'),
(237, 31, 'Georgiana Koepp', 'Et deleniti nam animi voluptas. Fuga qui et ipsa hic inventore quisquam deserunt. Quae at autem quisquam soluta et voluptatum neque.', 1, '2023-02-02 07:51:38', '2023-02-02 07:51:38'),
(238, 29, 'Crystel Pfeffer', 'Quia tempora tempora quas asperiores vel non. Excepturi quis facere dolorem et aliquam autem. Sint dolores earum minima sequi rerum.', 2, '2023-02-02 07:51:38', '2023-02-02 07:51:38'),
(239, 23, 'Dr. Claire Eichmann DVM', 'Et illum ullam omnis voluptatem dolorum rerum illum. Assumenda tenetur aut beatae aliquam esse. Corrupti odio distinctio recusandae error suscipit.', 2, '2023-02-02 07:51:38', '2023-02-02 07:51:38'),
(240, 20, 'Sally Huels', 'Accusamus autem corrupti cum fuga illo. Ab doloremque harum suscipit deserunt est iste pariatur. Ea harum modi omnis est error ad. Quia quis nobis ab est laborum eum dolor. Doloremque recusandae est voluptatem nemo ex voluptas.', 4, '2023-02-02 07:51:38', '2023-02-02 07:51:38'),
(241, 25, 'Dr. Ruth Zieme PhD', 'Enim architecto explicabo sed harum. Et ea ea dolorum odit rerum est. Rem sed tenetur explicabo. Accusamus ullam unde et voluptas molestiae.', 3, '2023-02-02 07:51:38', '2023-02-02 07:51:38'),
(242, 31, 'Hayley Parisian', 'Qui exercitationem aperiam dignissimos eum. Qui dolores quidem voluptatem esse architecto vel dolores ipsum. Officia vel distinctio impedit nostrum quis illum. Et ut et et ut rerum. Quis dolorem voluptatibus perferendis at qui consequatur et.', 0, '2023-02-02 07:51:38', '2023-02-02 07:51:38'),
(243, 4, 'Jeanne Huel', 'Facere placeat est eligendi totam dolorem ipsam. Voluptatem vel velit ad quo voluptatum reprehenderit minus.', 4, '2023-02-02 07:51:38', '2023-02-02 07:51:38'),
(244, 37, 'Ariel Senger MD', 'Voluptas id earum in eum. Mollitia hic qui cumque eum sit. Doloribus omnis nihil vel nulla nam delectus dolor.', 1, '2023-02-02 07:51:38', '2023-02-02 07:51:38'),
(245, 6, 'Prof. Maxine Bergstrom DDS', 'Nobis sunt est quasi commodi eos aspernatur. Fugiat voluptatum et in quisquam quam. Iste numquam facilis inventore. Impedit ut pariatur quam sunt cum.', 5, '2023-02-02 07:51:38', '2023-02-02 07:51:38'),
(246, 32, 'Rickey Padberg', 'Ea eius aliquid animi assumenda alias provident. Impedit esse totam aspernatur qui quos quo minima quia. Et illum unde iure eum. Maiores repellendus quas eum nobis quaerat debitis.', 3, '2023-02-02 07:51:38', '2023-02-02 07:51:38'),
(247, 33, 'Cristal Conroy III', 'Dolore est veniam quod in. Magni est magnam mollitia eos dolor.', 3, '2023-02-02 07:51:38', '2023-02-02 07:51:38'),
(248, 6, 'Dr. Deanna Bode I', 'Officia commodi facilis et nihil perspiciatis veritatis natus. Voluptatibus aut recusandae dolorem blanditiis. Non ut eveniet vitae vel. Et et ab culpa deleniti.', 0, '2023-02-02 07:51:38', '2023-02-02 07:51:38'),
(249, 42, 'Alexanne Langworth', 'Consequatur labore et animi eum autem consequatur et. Molestiae in ut culpa recusandae omnis.', 0, '2023-02-02 07:51:38', '2023-02-02 07:51:38'),
(250, 33, 'Chloe Jacobson', 'Et doloremque facilis saepe ut occaecati. Perferendis laborum est voluptatem et perspiciatis et. Cupiditate dolorum sit fugiat et impedit ad. Qui voluptates sit ut eum est. Rem molestiae occaecati rerum quis debitis corporis.', 1, '2023-02-02 07:51:38', '2023-02-02 07:51:38'),
(251, 46, 'Aletha Armstrong', 'Sunt aperiam aut excepturi reprehenderit ut. Quis odio rerum voluptatem perferendis odio placeat. Autem inventore quam quidem sit enim quia. Est nisi ratione libero cum et.', 4, '2023-02-02 07:51:38', '2023-02-02 07:51:38'),
(252, 8, 'Amanda Boehm V', 'Nam et officiis at ut sed. Sint consequatur quia consequuntur quos assumenda consectetur et. Atque voluptatibus vero dolores odio. Perferendis nostrum quia ut odio molestiae ullam est.', 2, '2023-02-02 07:51:38', '2023-02-02 07:51:38'),
(253, 7, 'Aglae Rice', 'In illo rerum repudiandae quod id est possimus. Dolorem aut beatae qui consectetur perspiciatis ut commodi ea. Et perferendis modi labore consequatur eaque eum. Cumque velit reprehenderit voluptate sed.', 0, '2023-02-02 07:51:38', '2023-02-02 07:51:38'),
(254, 36, 'Edwardo Green', 'Unde aut reiciendis et ab possimus. Earum et a consequuntur asperiores nulla quis. Praesentium odio sint est quaerat voluptas.', 5, '2023-02-02 07:51:38', '2023-02-02 07:51:38'),
(255, 38, 'Miss Kaylee Reilly I', 'Consequatur sint perferendis ea perspiciatis. Nisi quis beatae hic et. Laudantium sit assumenda corrupti consequatur voluptas recusandae.', 0, '2023-02-02 07:51:38', '2023-02-02 07:51:38'),
(256, 34, 'Ada Cummings II', 'Cum minima molestiae minima molestias nam non. Libero rerum quia omnis et rem a. Nam perferendis tempore maxime voluptatem odio modi voluptatibus. Sed asperiores ut voluptate quasi delectus. Voluptatem quidem aut qui molestiae.', 2, '2023-02-02 07:51:38', '2023-02-02 07:51:38'),
(257, 18, 'Lucious Blick', 'Sit et ipsam expedita. Molestiae nisi laboriosam distinctio libero et illo. Dolorem enim recusandae nemo ullam sint deserunt accusamus.', 3, '2023-02-02 07:51:38', '2023-02-02 07:51:38'),
(258, 11, 'Leo Ledner', 'Aspernatur commodi velit eum. Nesciunt nostrum sequi numquam porro perspiciatis laborum. Distinctio amet error animi non. Et dicta dignissimos aliquam.', 5, '2023-02-02 07:51:38', '2023-02-02 07:51:38'),
(259, 38, 'Mateo Bednar', 'Similique ea sequi molestiae est. Omnis placeat tempore quisquam quo similique voluptates. Ex optio enim praesentium id reiciendis.', 3, '2023-02-02 07:51:38', '2023-02-02 07:51:38'),
(260, 1, 'Vicente Kris', 'Occaecati dolor ut veniam illum non occaecati velit. Omnis et minima dolor error alias quis harum. Modi debitis beatae ea occaecati.', 4, '2023-02-02 07:51:39', '2023-02-02 07:51:39'),
(261, 39, 'Jaylin O\'Connell', 'Ipsum quia consectetur repudiandae distinctio sint quo exercitationem. Atque quae occaecati magnam est quod asperiores provident. Ut minima amet minima expedita.', 3, '2023-02-02 07:51:39', '2023-02-02 07:51:39'),
(262, 8, 'Dino Parker', 'Cumque optio dolorum adipisci architecto dolorem. Et autem recusandae autem. Sint aperiam maiores aut voluptas amet. Aut rem eligendi rerum reprehenderit dolores aut.', 1, '2023-02-02 07:51:39', '2023-02-02 07:51:39'),
(263, 31, 'Ms. Ana Rolfson III', 'Et temporibus nisi impedit vel id esse. Tempore deserunt quos harum quo molestiae occaecati. Magnam ea voluptatem similique perspiciatis impedit blanditiis animi.', 4, '2023-02-02 07:51:39', '2023-02-02 07:51:39'),
(264, 22, 'Berry Prohaska', 'Qui et atque rerum repudiandae et. Dicta nemo perferendis dolorum eum. Et nemo explicabo aut voluptate totam. Ut sunt corporis perspiciatis laborum. Autem deleniti sit eius quis est enim exercitationem nam.', 1, '2023-02-02 07:51:39', '2023-02-02 07:51:39'),
(265, 10, 'Kavon Marquardt', 'Est commodi sed fugiat voluptates praesentium. Alias molestias et dolor laboriosam. Quam in reiciendis fugit minus quae.', 3, '2023-02-02 07:51:39', '2023-02-02 07:51:39'),
(266, 4, 'Prof. Olen Klein Jr.', 'Non voluptatem repudiandae sit. Tenetur magni rem impedit eligendi consectetur sit. Aut qui recusandae id laborum voluptates reprehenderit. Voluptatum nostrum voluptatem placeat consectetur.', 4, '2023-02-02 07:51:39', '2023-02-02 07:51:39'),
(267, 3, 'Nola Crooks', 'Nesciunt culpa et non et illo dignissimos id. Tempore et ea amet ex enim quae ab fuga. Corrupti sint fugiat et eos qui est accusamus. Laboriosam est aliquam numquam dignissimos.', 3, '2023-02-02 07:51:39', '2023-02-02 07:51:39'),
(268, 26, 'Wilma Nolan', 'Doloribus et tenetur accusantium consequatur placeat commodi non. Doloribus quos commodi saepe eveniet ut. Ut aperiam ex qui et corporis aliquam ut. Voluptas sit eius aperiam fugiat maiores rerum minus.', 5, '2023-02-02 07:51:39', '2023-02-02 07:51:39'),
(269, 37, 'Mr. Giovani Okuneva', 'Aut blanditiis eligendi eligendi. Est illum vel quia magni quam. Consequatur illum enim consequuntur consequatur reprehenderit tempora qui libero. Eum nemo blanditiis consequuntur.', 4, '2023-02-02 07:51:39', '2023-02-02 07:51:39'),
(270, 5, 'Dr. Scotty Fay', 'Consequatur animi neque possimus enim veritatis neque saepe. In est et sed. Sint accusantium quos autem dolorem at ad tenetur mollitia. Sed vitae aut aliquid nisi aut.', 4, '2023-02-02 07:51:39', '2023-02-02 07:51:39'),
(271, 36, 'Dr. Barry Beatty', 'Harum quae officiis dicta sequi ut. Autem dolore sed quis quisquam vitae.', 2, '2023-02-02 07:51:39', '2023-02-02 07:51:39'),
(272, 1, 'Daniella Koepp', 'Veritatis eius molestiae eum voluptatem non vel. Repellat dolorem explicabo suscipit veritatis qui repudiandae consectetur. Asperiores expedita ad deserunt fuga repellendus et libero. Qui fugit voluptatem ut sit cupiditate.', 5, '2023-02-02 07:51:39', '2023-02-02 07:51:39'),
(273, 30, 'Prof. Bonnie Tromp MD', 'Quam ratione iure est omnis alias provident. Adipisci ipsa ut veritatis quibusdam error vitae. Vero reiciendis consequuntur reiciendis perferendis voluptas qui sed. Autem aperiam est et corporis quasi voluptatem tenetur aut. Beatae autem incidunt similique vero quibusdam numquam.', 2, '2023-02-02 07:51:39', '2023-02-02 07:51:39'),
(274, 13, 'Eulalia Kozey', 'Nihil temporibus expedita veniam officiis necessitatibus impedit non. Est ex atque in hic placeat quibusdam. Molestiae impedit debitis itaque nisi totam.', 0, '2023-02-02 07:51:39', '2023-02-02 07:51:39'),
(275, 14, 'Miss Amira Braun', 'Assumenda dolores aspernatur corporis occaecati aut. Vel debitis provident eos provident. Fugiat deserunt ipsam quos eos earum molestiae minus.', 2, '2023-02-02 07:51:39', '2023-02-02 07:51:39'),
(276, 2, 'Fernando Auer', 'Velit nihil magni delectus. Aliquam id dolor voluptas nulla quia quos nesciunt. Voluptatem autem exercitationem in nisi sit maiores eos nihil.', 4, '2023-02-02 07:51:39', '2023-02-02 07:51:39'),
(277, 8, 'Ted Buckridge', 'Sunt atque mollitia maxime maxime. Illum illo soluta sint. Placeat expedita aut blanditiis dignissimos quia officia inventore.', 2, '2023-02-02 07:51:39', '2023-02-02 07:51:39'),
(278, 47, 'Nicole Auer', 'Ullam est similique nihil. Iusto consectetur error eligendi autem. Expedita labore temporibus suscipit voluptatum omnis.', 4, '2023-02-02 07:51:39', '2023-02-02 07:51:39'),
(279, 36, 'Prof. Cortney Leannon', 'Aliquid dolor qui ipsa. Et minus sed sapiente vitae. Omnis rerum et qui error cumque culpa consectetur optio.', 1, '2023-02-02 07:51:39', '2023-02-02 07:51:39'),
(280, 20, 'Jedediah Brakus', 'Unde et omnis qui sed qui natus adipisci. Omnis voluptate nihil qui. Iure ipsam earum necessitatibus qui.', 5, '2023-02-02 07:51:39', '2023-02-02 07:51:39'),
(281, 29, 'Dr. Roberto Hickle MD', 'Omnis unde unde velit quas praesentium. Dolor error dolor fuga natus. Pariatur distinctio hic totam rerum ullam voluptate possimus.', 1, '2023-02-02 07:51:39', '2023-02-02 07:51:39'),
(282, 11, 'Stan Torphy', 'Laborum enim dolorem accusantium eveniet rem consequatur. Illo itaque nostrum quaerat amet. Omnis magni dicta corrupti dolorum voluptatem.', 2, '2023-02-02 07:51:39', '2023-02-02 07:51:39'),
(283, 12, 'Pink Gutkowski', 'Reprehenderit aut placeat dolor qui cumque. Omnis dolores quisquam iusto eius. Doloremque inventore necessitatibus consectetur officiis et.', 5, '2023-02-02 07:51:39', '2023-02-02 07:51:39'),
(284, 20, 'Devante Lang', 'Consectetur nihil perferendis voluptatem qui quia possimus quia. Sequi possimus aperiam sapiente ut voluptas incidunt. Non voluptate aut sequi et. Sit enim non quibusdam quia iure qui non odit.', 2, '2023-02-02 07:51:39', '2023-02-02 07:51:39'),
(285, 47, 'Mose Metz', 'Tempora consequuntur sed eum sed non est est. Ut molestias nisi nam libero facere at praesentium.', 0, '2023-02-02 07:51:39', '2023-02-02 07:51:39'),
(286, 7, 'Garret Hudson', 'Vitae nam voluptatibus ullam exercitationem distinctio enim dolor quia. Eius ducimus repellendus quia et quam consequatur. Blanditiis ipsam autem dolor.', 3, '2023-02-02 07:51:39', '2023-02-02 07:51:39'),
(287, 24, 'Dr. Anya King', 'Cupiditate ut labore tempora ad qui. Et eum tempora vero possimus expedita qui soluta. Eum dolore at suscipit voluptas et.', 5, '2023-02-02 07:51:39', '2023-02-02 07:51:39'),
(288, 47, 'Manley Haley', 'Illo qui ipsum vel dignissimos qui. Dolores laboriosam earum est quis. Autem deserunt occaecati vitae velit.', 4, '2023-02-02 07:51:39', '2023-02-02 07:51:39'),
(289, 32, 'Larissa Ankunding', 'Sed nihil blanditiis non et. Doloribus nulla consequatur aperiam excepturi vel deserunt eum iure. Dicta nesciunt amet exercitationem quis totam minima qui.', 2, '2023-02-02 07:51:39', '2023-02-02 07:51:39'),
(290, 18, 'Amari Huels', 'Vel cum quas voluptas placeat voluptas. Qui magni delectus sit est odio voluptatem. Nesciunt pariatur perferendis aut sed accusamus.', 3, '2023-02-02 07:51:39', '2023-02-02 07:51:39'),
(291, 8, 'Mrs. Daija Beahan IV', 'Nostrum ea iste voluptates ut dignissimos. Necessitatibus reiciendis adipisci rerum omnis quia et. Id magni voluptatem molestiae velit.', 5, '2023-02-02 07:51:39', '2023-02-02 07:51:39'),
(292, 15, 'Solon O\'Reilly DVM', 'Soluta eaque qui qui consequuntur consequatur voluptatum. Consequatur quos consequatur est reprehenderit nihil ut aut. Sunt voluptas sint laudantium numquam.', 5, '2023-02-02 07:51:39', '2023-02-02 07:51:39'),
(293, 18, 'Ms. Casandra Thiel DVM', 'Eum nisi ea animi aut doloremque. Voluptatem asperiores sed eius qui. Nulla quibusdam ducimus non dolorum. Dolore voluptatibus laborum sit ipsam ut ut.', 0, '2023-02-02 07:51:39', '2023-02-02 07:51:39'),
(294, 26, 'Gaylord Crist', 'Laboriosam magnam quis omnis omnis. Quia dolorum rerum distinctio in voluptas. Corrupti temporibus quod nam voluptatem molestias. In in qui provident voluptatibus dolor expedita sed.', 1, '2023-02-02 07:51:39', '2023-02-02 07:51:39'),
(295, 21, 'Prof. Shaun Bergstrom Jr.', 'Est aut doloremque deleniti qui earum et. Soluta alias et ullam modi sapiente. Culpa inventore totam mollitia autem repudiandae et.', 5, '2023-02-02 07:51:39', '2023-02-02 07:51:39'),
(296, 46, 'Eunice Ullrich', 'Necessitatibus aut rem vitae saepe repudiandae necessitatibus quis. Laborum voluptates animi ratione et molestiae ea expedita. Enim recusandae ut quaerat atque ducimus ducimus temporibus. Voluptatem id quia pariatur omnis iure corrupti earum.', 1, '2023-02-02 07:51:39', '2023-02-02 07:51:39'),
(297, 41, 'Else Cummerata', 'Molestiae molestiae enim et. Accusamus esse ea repudiandae. Similique molestias ut exercitationem a non beatae. Illo corporis earum qui deserunt.', 4, '2023-02-02 07:51:39', '2023-02-02 07:51:39'),
(298, 1, 'Nathen Walker DVM', 'Mollitia corporis nobis ad. Voluptatem maxime incidunt est suscipit accusantium qui ut occaecati. Eaque impedit nesciunt amet qui modi non corporis culpa.', 4, '2023-02-02 07:51:39', '2023-02-02 07:51:39'),
(299, 48, 'Prof. Javon Schaden II', 'Nostrum ex labore modi iste et. Doloremque est velit officiis. Nostrum consequatur rerum maxime modi nihil corporis repudiandae. Deserunt esse assumenda placeat non.', 0, '2023-02-02 07:51:39', '2023-02-02 07:51:39'),
(300, 27, 'D\'angelo Harber', 'Est quisquam ullam iusto ea magni voluptas. Ipsum architecto facilis sed dolores. A sit quidem quia vel quo vel nam.', 4, '2023-02-02 07:51:39', '2023-02-02 07:51:39'),
(301, 28, 'Benton Gerhold PhD', 'Praesentium exercitationem et expedita. Architecto et molestiae ab tenetur. Necessitatibus esse ut necessitatibus autem tenetur ab.', 1, '2023-02-02 07:51:39', '2023-02-02 07:51:39'),
(302, 5, 'Mr. Napoleon Cummerata DDS', 'Saepe iste perspiciatis aut vel occaecati. Rerum dolores vitae ea laborum officia ut aliquid aut. Mollitia error sint magnam ut laborum.', 2, '2023-02-02 07:51:39', '2023-02-02 07:51:39'),
(303, 26, 'Wilford Waters DVM', 'Voluptatibus ut optio deserunt vel sint. Voluptatem velit dolores amet voluptate. Facere reiciendis alias dolor velit enim pariatur voluptate. Nostrum laborum ipsum ratione expedita nulla velit.', 0, '2023-02-02 07:51:39', '2023-02-02 07:51:39'),
(304, 36, 'Astrid Wolf', 'Laborum sequi laudantium et assumenda. Deserunt illum est ut aliquam. Omnis quasi beatae illum. Sapiente quasi eum impedit iste pariatur ut.', 2, '2023-02-02 07:51:39', '2023-02-02 07:51:39'),
(305, 37, 'Florine Hoppe', 'Doloribus facere labore aspernatur quis voluptas. Et tempore suscipit saepe labore aliquam est maiores.', 2, '2023-02-02 07:51:39', '2023-02-02 07:51:39'),
(306, 49, 'Celestino Stracke', 'Est omnis enim perspiciatis. Culpa eaque est aut veniam cumque molestiae temporibus. Est et dignissimos aut et quia autem a.', 2, '2023-02-02 07:51:39', '2023-02-02 07:51:39'),
(307, 29, 'Lionel Prohaska', 'Et quaerat soluta sed cumque delectus quo totam. Molestiae recusandae laborum velit aut et. Eum et necessitatibus eius voluptas quos. Voluptatem fuga odit debitis molestiae sint.', 5, '2023-02-02 07:51:39', '2023-02-02 07:51:39'),
(308, 3, 'Vickie Doyle', 'Rerum aut omnis vel voluptate quasi optio. Amet veritatis nostrum culpa impedit sunt sit inventore rerum. Totam quia dolor molestiae voluptatem. Quas praesentium veritatis rerum soluta animi dolores.', 3, '2023-02-02 07:51:39', '2023-02-02 07:51:39'),
(309, 30, 'Estell Ankunding', 'Quas veritatis dolore est suscipit nihil. Illum et voluptas quia repellendus itaque. Autem odio quia debitis alias.', 4, '2023-02-02 07:51:39', '2023-02-02 07:51:39'),
(310, 47, 'Fae Halvorson II', 'Vel quo cum ipsam nobis eius ut. Iure impedit necessitatibus beatae ratione voluptatum reiciendis. Laudantium repellendus ut autem temporibus et. Qui cupiditate cumque a perspiciatis omnis rem. Delectus in delectus fugiat rerum suscipit consequatur optio.', 5, '2023-02-02 07:51:39', '2023-02-02 07:51:39'),
(311, 20, 'Maggie Williamson', 'Voluptas saepe quidem et corporis rem ea voluptas suscipit. Ea rerum molestias sed quidem. Voluptatem expedita aut rerum aliquid dignissimos quis architecto.', 3, '2023-02-02 07:51:39', '2023-02-02 07:51:39'),
(312, 44, 'Melody Douglas', 'Vitae soluta ut dolores amet qui velit. Deserunt eum veritatis eos error non veritatis. Suscipit delectus sunt eius consequatur quia. Sunt deleniti earum illo atque corrupti excepturi.', 3, '2023-02-02 07:51:39', '2023-02-02 07:51:39'),
(313, 29, 'Dario Lang', 'Fugiat voluptatem doloribus totam rerum reiciendis nihil voluptatem. Praesentium velit et eligendi vitae fuga corrupti. Laborum quae illum aut voluptatum.', 2, '2023-02-02 07:51:39', '2023-02-02 07:51:39'),
(314, 36, 'Dr. Jeanie Lesch', 'Sapiente accusantium ipsum doloribus ullam totam cupiditate. Inventore quam vitae repellat in omnis. Aut est eius aut aut repellat neque illo.', 5, '2023-02-02 07:51:39', '2023-02-02 07:51:39'),
(315, 23, 'Prof. Rolando Mertz', 'Dolores ea minima autem amet. Sunt laboriosam praesentium nemo. Eum cupiditate fugiat expedita molestias et. Libero officia eum numquam atque voluptatum.', 1, '2023-02-02 07:51:39', '2023-02-02 07:51:39'),
(316, 28, 'Kamren Gerlach', 'Enim fugiat deserunt nam sint quam rerum. Quibusdam qui deserunt quia eaque reprehenderit error incidunt. Qui non placeat quibusdam qui dolorem.', 0, '2023-02-02 07:51:39', '2023-02-02 07:51:39'),
(317, 41, 'Ryann Casper III', 'Aut voluptatem expedita recusandae. Ut placeat cupiditate repellendus harum. Rem sit qui labore odit soluta. Ea porro et et ratione laboriosam et. Provident occaecati voluptates doloribus sapiente est facilis ut.', 4, '2023-02-02 07:51:39', '2023-02-02 07:51:39'),
(318, 36, 'Mrs. Rosie Denesik DVM', 'Impedit corrupti aut culpa at et sequi. Quibusdam eius cum rem. At iste ad sit ut et.', 0, '2023-02-02 07:51:39', '2023-02-02 07:51:39'),
(319, 28, 'Yessenia Rice', 'Rerum excepturi repudiandae rerum ut porro doloribus blanditiis consectetur. Consectetur et voluptatem velit dolor assumenda iure. Non occaecati hic quia eum exercitationem suscipit omnis. Officiis quia vitae aspernatur fugiat iure.', 4, '2023-02-02 07:51:39', '2023-02-02 07:51:39'),
(320, 11, 'Kian Rice MD', 'Praesentium eaque earum aut alias eum. Ipsam dolores minus dignissimos. Ut exercitationem voluptas eum omnis nulla. Voluptates nihil totam ad.', 0, '2023-02-02 07:51:39', '2023-02-02 07:51:39'),
(321, 47, 'Carlo Crona', 'Cum sapiente quae odio hic similique est. Placeat sed quo autem. Aliquam iste ratione mollitia aut consequatur. Veritatis quia enim labore consequatur eum sint.', 1, '2023-02-02 07:51:39', '2023-02-02 07:51:39'),
(322, 14, 'Prof. Gaylord Deckow PhD', 'Nobis veniam ipsa rerum soluta aliquam. Ea sequi et quia non dicta animi et. Nemo est ducimus id distinctio magni.', 1, '2023-02-02 07:51:39', '2023-02-02 07:51:39'),
(323, 47, 'Marge Miller PhD', 'Dolores delectus voluptatibus ratione accusantium. Illum aut laborum et. Fugiat molestias porro et sapiente veniam architecto magni. Eum cupiditate voluptas non accusantium numquam.', 2, '2023-02-02 07:51:39', '2023-02-02 07:51:39'),
(324, 2, 'Aryanna Lebsack', 'At doloribus aut dolorum. Voluptates minus et voluptates mollitia totam consectetur voluptas. Nesciunt eius voluptatem consequatur optio fugiat laboriosam. Architecto omnis consequuntur quaerat.', 4, '2023-02-02 07:51:39', '2023-02-02 07:51:39'),
(325, 35, 'Haley Heidenreich', 'Adipisci doloremque placeat exercitationem dolores assumenda exercitationem repellendus. Nemo aut est sit quis et repudiandae laboriosam voluptatem. Ea consequatur voluptates corrupti omnis natus.', 0, '2023-02-02 07:51:39', '2023-02-02 07:51:39'),
(326, 37, 'Nicole Ernser', 'Fuga ea sunt cumque veniam sint illum. Pariatur nihil rem voluptas. Totam corporis est velit corrupti culpa occaecati.', 3, '2023-02-02 07:51:39', '2023-02-02 07:51:39'),
(327, 25, 'Era Wisoky', 'Pariatur at consequatur et. Ea quod libero provident sunt non omnis voluptatem. Saepe aut rerum est aliquid dolore.', 0, '2023-02-02 07:51:39', '2023-02-02 07:51:39'),
(328, 10, 'Junius Nikolaus', 'Non laboriosam ratione aspernatur sint. Voluptatem deleniti iure dolore quae numquam minus. Nesciunt a recusandae accusantium id.', 2, '2023-02-02 07:51:39', '2023-02-02 07:51:39'),
(329, 49, 'Mr. Markus Pacocha DDS', 'Nam dolorem maiores modi tempora quis. Est qui et dolore vero eum neque ipsum.', 2, '2023-02-02 07:51:39', '2023-02-02 07:51:39'),
(330, 42, 'Ms. Bridgette Jenkins I', 'Temporibus explicabo illum nobis. Omnis consequuntur cum velit eligendi.', 5, '2023-02-02 07:51:39', '2023-02-02 07:51:39'),
(331, 24, 'Miss Felipa Eichmann', 'Et culpa deserunt dolorem est. Ipsum et aut iusto eos hic quos. Voluptatem qui autem error perferendis laborum.', 0, '2023-02-02 07:51:39', '2023-02-02 07:51:39'),
(332, 37, 'Ruben Macejkovic', 'Expedita nesciunt esse dolorum mollitia voluptatum dolorem et dolores. Non sed amet tenetur alias sint. Commodi placeat aut vel nihil voluptatum est.', 0, '2023-02-02 07:51:39', '2023-02-02 07:51:39'),
(333, 42, 'Bria Thompson', 'Dolores minima sit aut ut qui doloremque. Et aut tenetur laudantium aperiam. Cupiditate alias modi sit ad. Quam quos maxime dolorem qui.', 2, '2023-02-02 07:51:39', '2023-02-02 07:51:39'),
(334, 2, 'Mrs. Maddison Ondricka Sr.', 'Pariatur ipsum ab aliquam facere dolorem at consequatur. Molestias sint vitae dolorem aspernatur quaerat laudantium sint. Nemo nesciunt non pariatur voluptatem occaecati voluptatem. Ut ipsa sequi nihil laboriosam reiciendis eveniet explicabo adipisci.', 2, '2023-02-02 07:51:39', '2023-02-02 07:51:39'),
(335, 20, 'Prof. Demetrius Kunde', 'Occaecati est sequi ratione nihil rerum laborum suscipit. Distinctio incidunt qui quibusdam aut fuga quo explicabo. Voluptatum omnis blanditiis recusandae autem laborum ipsa reprehenderit. Quia quia est aperiam et est.', 1, '2023-02-02 07:51:39', '2023-02-02 07:51:39'),
(336, 38, 'Prof. Alexandre Hansen', 'Quia fugit aliquid rem consequatur illum. In harum et perspiciatis qui quibusdam voluptas quisquam. Eligendi aliquid reprehenderit esse eveniet quam.', 0, '2023-02-02 07:51:39', '2023-02-02 07:51:39'),
(337, 31, 'Doug McDermott', 'Eligendi et et repellat tempore. Optio sit eius dolorem provident dolor tempora omnis voluptas. Exercitationem ut soluta consequatur eveniet autem occaecati voluptas.', 3, '2023-02-02 07:51:39', '2023-02-02 07:51:39'),
(338, 24, 'Dr. Frank Steuber', 'Quia similique natus et voluptatem amet. Doloribus a soluta eum dolore impedit voluptatibus corporis.', 2, '2023-02-02 07:51:39', '2023-02-02 07:51:39'),
(339, 30, 'Columbus Parisian', 'Magni nostrum iusto aut quisquam repellendus omnis. Nihil et ad eos adipisci porro cumque. Atque totam vel iure. Laboriosam inventore corrupti minus et.', 3, '2023-02-02 07:51:39', '2023-02-02 07:51:39'),
(340, 31, 'Miss Cleora Rosenbaum', 'Ea sint itaque consequuntur labore dolores vero. Et recusandae expedita accusamus ut saepe qui doloremque. Aut quas sint consequatur consequatur cupiditate voluptate nihil. Quo libero perferendis saepe qui enim aut impedit.', 0, '2023-02-02 07:51:39', '2023-02-02 07:51:39'),
(341, 28, 'Prof. John Bartell Jr.', 'Velit earum impedit quis. Est aliquid qui perspiciatis praesentium. Et explicabo atque consequatur praesentium.', 2, '2023-02-02 07:51:39', '2023-02-02 07:51:39'),
(342, 16, 'Dr. Quincy Steuber V', 'Omnis amet facilis illum eaque alias. Tempore quos quis qui illum. Amet cumque occaecati ut voluptate ullam.', 5, '2023-02-02 07:51:39', '2023-02-02 07:51:39'),
(343, 9, 'Ms. Gerry Leannon', 'Consectetur eum ut eum aut. In et beatae exercitationem vel. Similique minima magnam enim sint dolorem beatae est.', 4, '2023-02-02 07:51:39', '2023-02-02 07:51:39'),
(344, 45, 'Trey Paucek PhD', 'Ut aliquid ut omnis magnam provident adipisci totam aspernatur. Quo voluptas vero occaecati delectus dolor laborum. Ut cumque autem maxime. Nihil quo sunt voluptatibus sint non sed aliquam porro.', 3, '2023-02-02 07:51:39', '2023-02-02 07:51:39'),
(345, 45, 'Lea Pollich MD', 'Iste et laboriosam et quidem eos beatae. Delectus hic ut dolorem.', 0, '2023-02-02 07:51:39', '2023-02-02 07:51:39'),
(346, 9, 'Patricia Gutkowski', 'Minima fuga sit quia adipisci laborum aut doloremque voluptas. Ab corporis quibusdam mollitia aut. Veritatis quidem enim totam quam. Et porro doloribus sit voluptas dolores.', 0, '2023-02-02 07:51:39', '2023-02-02 07:51:39'),
(347, 8, 'Karen Harris', 'Non necessitatibus fugit optio animi. Maiores libero libero eos consectetur expedita rerum eos. Quia eaque eum inventore assumenda repellendus molestiae voluptate. Nihil minima enim accusantium dolorum consectetur autem. Nisi rerum qui et error temporibus sunt facere.', 4, '2023-02-02 07:51:39', '2023-02-02 07:51:39'),
(348, 3, 'Miss Camylle Nikolaus', 'Assumenda quam consequatur molestiae et. Laudantium maiores animi sit velit et ut aperiam. Eum velit ipsam vel dignissimos ipsa. Debitis provident ullam cupiditate ea.', 2, '2023-02-02 07:51:39', '2023-02-02 07:51:39'),
(349, 48, 'Jennie Medhurst', 'Dicta eaque eligendi atque minus veritatis accusantium. Debitis et molestiae enim laboriosam qui quam inventore.', 1, '2023-02-02 07:51:39', '2023-02-02 07:51:39'),
(350, 29, 'Aryanna Kub', 'Cumque vel culpa voluptatem molestiae mollitia perspiciatis. Velit quia minima porro.', 5, '2023-02-02 07:51:39', '2023-02-02 07:51:39'),
(351, 30, 'Mr. Collin Fadel V', 'Esse veniam non maxime adipisci. A laudantium vitae cum voluptatem totam quis. Rerum similique ullam eos doloremque enim aliquam. Fugiat qui sequi iste minima quos dolorum velit.', 2, '2023-02-02 07:51:39', '2023-02-02 07:51:39'),
(352, 38, 'Vergie Effertz', 'Ipsum hic voluptatem dolores. Accusamus dolorem vitae enim qui perferendis et cum. Libero soluta quia soluta adipisci perferendis molestiae. Et cum sint odio illum.', 0, '2023-02-02 07:51:39', '2023-02-02 07:51:39'),
(353, 9, 'Mr. Coty Koss PhD', 'Optio neque qui velit rerum reiciendis. Voluptatem cupiditate dolores velit consequatur. Sunt fugit tenetur id. Temporibus sit minima odit animi omnis quia.', 0, '2023-02-02 07:51:39', '2023-02-02 07:51:39'),
(354, 50, 'Prof. Isaias Hermiston Jr.', 'Unde eos ut odit laudantium. Ipsa dicta fuga velit facere consequatur. Doloremque totam explicabo aspernatur sed qui. Tenetur dolorem earum sapiente aliquam porro facilis recusandae.', 1, '2023-02-02 07:51:39', '2023-02-02 07:51:39'),
(355, 13, 'Mr. Miles Ziemann V', 'Quisquam velit voluptas reprehenderit aut accusantium consequatur. Magni voluptas et rerum cumque nostrum accusantium nobis asperiores. Suscipit quo hic aspernatur saepe odit error rerum.', 0, '2023-02-02 07:51:39', '2023-02-02 07:51:39'),
(356, 10, 'Daryl Hill', 'Maxime quam eligendi et. Tempore quis voluptatem vel vel voluptate.', 3, '2023-02-02 07:51:39', '2023-02-02 07:51:39'),
(357, 38, 'Ms. Reva Hand II', 'Veritatis velit et pariatur rerum id. Voluptatibus et quo repellat voluptas voluptatem error laboriosam. Enim corrupti accusantium est soluta voluptas. Ab ipsum perspiciatis maxime adipisci officia blanditiis non.', 0, '2023-02-02 07:51:39', '2023-02-02 07:51:39'),
(358, 2, 'Anna Robel', 'Omnis veritatis eos ut autem fugiat aut. Rerum quis nihil sit eos. Doloremque voluptas et dolores et officia.', 4, '2023-02-02 07:51:39', '2023-02-02 07:51:39'),
(359, 14, 'Eric Hirthe', 'Quis corporis quia cupiditate aut incidunt distinctio porro id. Deleniti est praesentium odio minus aut id corporis et. Suscipit magni dolorem culpa dignissimos corporis. Voluptatem perspiciatis exercitationem repellendus ipsum.', 2, '2023-02-02 07:51:39', '2023-02-02 07:51:39'),
(360, 41, 'Prof. Sherwood Runolfsson I', 'Aliquid dignissimos quo quia et tempore. Quos sed quod enim aperiam odio ut nihil perspiciatis. Omnis modi adipisci a quos.', 5, '2023-02-02 07:51:39', '2023-02-02 07:51:39'),
(361, 5, 'Zula Morissette', 'Veritatis nam ut cumque aut ut. Velit dolores ipsa quis aut. Est tempore ut unde qui voluptate. Doloribus tempora consectetur facere repellendus est aperiam.', 4, '2023-02-02 07:51:39', '2023-02-02 07:51:39'),
(362, 32, 'Burdette Gleason MD', 'Corporis sunt amet et necessitatibus aut expedita ipsam. Sed quibusdam dolorem qui vel laboriosam. Consequuntur aliquid omnis quibusdam. Explicabo asperiores quia similique qui repellendus est mollitia dolorem.', 0, '2023-02-02 07:51:39', '2023-02-02 07:51:39'),
(363, 11, 'Krista Marvin', 'Ut sint id sequi. Repellat earum suscipit soluta perferendis. Quae possimus voluptatem est commodi eaque non.', 1, '2023-02-02 07:51:39', '2023-02-02 07:51:39'),
(364, 19, 'Miss Ethelyn Schuster', 'Alias iste excepturi ut qui. Eum nihil consequatur fuga nihil. Aut repudiandae non deleniti. Aliquid rem omnis optio dolor cumque asperiores doloribus.', 5, '2023-02-02 07:51:39', '2023-02-02 07:51:39'),
(365, 24, 'Jensen Von', 'Minus accusantium voluptatem sed illum. Expedita mollitia perferendis reiciendis qui est omnis. Et nulla modi sint error libero sunt. Voluptate architecto illum perspiciatis ducimus quia beatae. Earum ipsam quae commodi omnis ut dolor.', 5, '2023-02-02 07:51:39', '2023-02-02 07:51:39'),
(366, 47, 'Cecile Hartmann DVM', 'Necessitatibus sed expedita voluptas. Similique adipisci nemo similique deleniti.', 0, '2023-02-02 07:51:39', '2023-02-02 07:51:39'),
(367, 30, 'Roxanne Senger DVM', 'Commodi id aut delectus quas vero perferendis. Sit nemo qui nulla dicta. Aut blanditiis autem vel architecto repellat. Adipisci consequuntur dolorem aut quia est temporibus est iste.', 4, '2023-02-02 07:51:39', '2023-02-02 07:51:39'),
(368, 14, 'Karine Daugherty', 'Qui facere sed quia culpa ut inventore nulla. Molestias quibusdam ea optio sunt beatae. Quo provident dolor et ullam. Tempora non autem enim delectus iure. Earum nam distinctio laborum quae voluptas minima omnis.', 3, '2023-02-02 07:51:39', '2023-02-02 07:51:39'),
(369, 37, 'Dovie Reynolds', 'Sit autem consequatur nostrum consequuntur nulla voluptatem asperiores. Nihil ipsa labore dolore rerum sit autem ut. Aspernatur voluptas non quia molestiae dolores. Est debitis hic animi rerum. Nihil cupiditate quia autem neque.', 3, '2023-02-02 07:51:39', '2023-02-02 07:51:39'),
(370, 50, 'Dr. Manuela Mayert Jr.', 'Qui enim ut excepturi occaecati ad id. Ipsa incidunt dolor minima eligendi nobis. Quia facilis sit facilis ea quibusdam assumenda. Aut officia quasi est aperiam qui.', 2, '2023-02-02 07:51:39', '2023-02-02 07:51:39'),
(371, 18, 'Elaina Sporer', 'Voluptate sequi ab aut ut nemo. Ea provident est excepturi iusto adipisci. In voluptas recusandae aliquid eum molestiae. Voluptatem ut voluptate nemo iusto nesciunt consequatur.', 1, '2023-02-02 07:51:39', '2023-02-02 07:51:39'),
(372, 16, 'Glenda Borer', 'Reiciendis quis dolor qui commodi natus ut accusamus. Rerum sit consequatur qui. A omnis animi nesciunt deleniti quae aperiam. Sed perferendis amet doloribus totam aut impedit.', 0, '2023-02-02 07:51:39', '2023-02-02 07:51:39'),
(373, 23, 'Prof. Maud Schmidt', 'Dolores necessitatibus ex culpa illum repellendus. Dicta id maiores rerum voluptatem et voluptas. Similique sunt unde voluptatum error aut veniam. Neque dolore dolorem soluta et sapiente voluptates ab iste.', 1, '2023-02-02 07:51:39', '2023-02-02 07:51:39'),
(374, 12, 'Ms. Elisha Romaguera', 'Facere error et tenetur rerum. Mollitia laboriosam illum eos id non sed et. Laboriosam omnis quas non recusandae aut quo ea. Nesciunt et ut nihil aut nulla.', 2, '2023-02-02 07:51:39', '2023-02-02 07:51:39'),
(375, 41, 'Jaylen Corwin', 'Aspernatur neque sapiente velit tenetur. Debitis pariatur tenetur ut et et magni. Adipisci facere esse aut modi enim impedit. Laborum sunt sed sit culpa.', 0, '2023-02-02 07:51:39', '2023-02-02 07:51:39'),
(376, 2, 'Dr. Green Labadie', 'Voluptatibus suscipit magnam aut corporis ut in. Qui quis quod temporibus quisquam aspernatur ducimus sed. Rerum possimus provident minima reprehenderit.', 5, '2023-02-02 07:51:39', '2023-02-02 07:51:39'),
(377, 4, 'Romaine Bode', 'Deleniti aut repellat quos similique natus nobis itaque. Error facilis ratione debitis aut id officiis iure. Est et facilis a rerum neque iusto esse. Aliquid et in provident nulla aut vel velit consequatur.', 5, '2023-02-02 07:51:39', '2023-02-02 07:51:39'),
(378, 19, 'Avery Durgan', 'Libero aut et nihil possimus molestiae dignissimos. Deserunt et omnis at optio voluptate. Est id odio libero earum a eveniet est. Quibusdam sint beatae nesciunt nam maxime molestiae quod.', 4, '2023-02-02 07:51:39', '2023-02-02 07:51:39'),
(379, 3, 'Calista Thiel', 'Dolorem optio delectus ducimus nulla asperiores accusamus facilis temporibus. Minima architecto omnis nesciunt repellendus ab. Ipsa blanditiis velit corrupti velit et qui. Beatae necessitatibus nulla aut pariatur possimus.', 0, '2023-02-02 07:51:39', '2023-02-02 07:51:39'),
(380, 43, 'Della Nolan Sr.', 'Sed aut sapiente reiciendis quidem adipisci repellendus. Molestias laboriosam sed blanditiis veritatis recusandae ut. Quidem recusandae pariatur aspernatur odit iure similique.', 0, '2023-02-02 07:51:39', '2023-02-02 07:51:39'),
(381, 2, 'Miss Gladys Bartell', 'Dignissimos et quia ex vel illum voluptates. Exercitationem aperiam sunt expedita perferendis. Facere quos reprehenderit et dolorum.', 4, '2023-02-02 07:51:39', '2023-02-02 07:51:39'),
(382, 43, 'Wallace Pouros', 'Voluptates cum officiis a repellat ab voluptatum laudantium. Nemo voluptate inventore quia quibusdam quas laborum nobis perspiciatis. A odio eaque ducimus temporibus omnis non nisi ducimus.', 4, '2023-02-02 07:51:39', '2023-02-02 07:51:39'),
(383, 42, 'Freda Nicolas', 'Consequatur tempore id omnis in blanditiis. Exercitationem animi repellendus atque nemo vitae pariatur. Accusantium quia voluptatem similique modi commodi accusantium suscipit voluptatem.', 1, '2023-02-02 07:51:39', '2023-02-02 07:51:39'),
(384, 19, 'Alanna Wisoky', 'Et officiis eveniet ipsam aut officiis enim iste cum. Soluta tempore aut ullam dolorem reprehenderit. Quis velit aut quis est. Omnis non nam quis.', 0, '2023-02-02 07:51:39', '2023-02-02 07:51:39'),
(385, 8, 'Ryder Mitchell PhD', 'Dolores facere et totam. Quasi ab magni occaecati qui et laudantium non necessitatibus. In unde delectus repellendus et illo neque. Nam animi placeat labore soluta ut.', 0, '2023-02-02 07:51:39', '2023-02-02 07:51:39'),
(386, 43, 'Dewayne Heathcote', 'Et perspiciatis assumenda minus. Iusto quae ipsam nam atque accusantium. Non illum et doloribus eveniet in. Et molestias laboriosam optio qui ab enim libero. Animi doloribus et voluptate culpa officiis voluptatum autem.', 1, '2023-02-02 07:51:39', '2023-02-02 07:51:39'),
(387, 23, 'Jayda Heathcote', 'Veritatis quo ut neque vel dolor. Soluta alias eius velit cumque aut ratione. Corporis quaerat qui a enim illum dicta illum occaecati. Itaque rerum voluptatem culpa est qui.', 1, '2023-02-02 07:51:39', '2023-02-02 07:51:39'),
(388, 14, 'Fredrick Hoeger', 'Iure totam perferendis similique necessitatibus consectetur dignissimos ut. Asperiores quidem est reiciendis esse consequuntur quas. Non perferendis iste perspiciatis fuga. Voluptas similique architecto aliquam fugiat omnis vitae.', 1, '2023-02-02 07:51:39', '2023-02-02 07:51:39'),
(389, 34, 'Mr. Dion Gerhold MD', 'In doloremque a rerum corporis ut est nulla. Nobis consequuntur animi nemo aliquid iusto eos voluptatibus. Laudantium optio vero minus sint hic.', 5, '2023-02-02 07:51:39', '2023-02-02 07:51:39'),
(390, 50, 'Kody Denesik IV', 'Perspiciatis quibusdam itaque natus saepe voluptates. Expedita autem vel et similique officia molestiae quisquam. Sequi consequuntur et occaecati dolorem. Dolores quis minima cum vitae.', 4, '2023-02-02 07:51:39', '2023-02-02 07:51:39'),
(391, 48, 'Rita Feeney', 'Et aut enim et eveniet hic maiores expedita aut. Vel officiis nesciunt amet adipisci aut nostrum error. Voluptatem aspernatur omnis inventore sunt est nam temporibus.', 4, '2023-02-02 07:51:39', '2023-02-02 07:51:39'),
(392, 27, 'Miss Palma Miller IV', 'Quidem pariatur nesciunt totam itaque aspernatur possimus voluptatum. Et quo aliquam quasi maiores veritatis. Praesentium et debitis animi.', 5, '2023-02-02 07:51:39', '2023-02-02 07:51:39'),
(393, 44, 'Rylan Ferry', 'In aperiam ipsa veniam consequatur consequatur vel libero. Explicabo porro ipsa consequuntur rerum nulla qui nemo.', 3, '2023-02-02 07:51:39', '2023-02-02 07:51:39'),
(394, 30, 'Prof. Jaiden Jacobson Jr.', 'Dolorum quas soluta quo odit. Blanditiis suscipit voluptatibus porro distinctio cum.', 5, '2023-02-02 07:51:39', '2023-02-02 07:51:39'),
(395, 16, 'Ashly Heidenreich PhD', 'Nam provident velit dolor consequatur accusamus eum provident. Rerum id magnam perferendis impedit. Quasi eum ea dolore accusamus voluptate.', 2, '2023-02-02 07:51:39', '2023-02-02 07:51:39'),
(396, 14, 'Jonas Greenfelder', 'Nihil et et aspernatur assumenda voluptatem quae. Sed sunt ad et.', 4, '2023-02-02 07:51:39', '2023-02-02 07:51:39'),
(397, 24, 'Prof. Casimer Pfannerstill', 'Expedita accusantium quod optio cumque dolor quas. Ut accusantium cupiditate consectetur dolores. Molestias autem et iusto ipsa.', 0, '2023-02-02 07:51:39', '2023-02-02 07:51:39'),
(398, 31, 'Dr. Shawn Hagenes', 'Ratione perspiciatis consequatur doloremque delectus ut quisquam amet. Et ullam ut minus occaecati. Nulla aliquam fugiat velit cupiditate.', 3, '2023-02-02 07:51:39', '2023-02-02 07:51:39'),
(399, 38, 'Dr. Gianni Ankunding PhD', 'Eum quos non excepturi nobis inventore. Eaque voluptatum iusto voluptatem aspernatur autem nobis. Aut consequatur deserunt voluptatem dolor quo.', 3, '2023-02-02 07:51:39', '2023-02-02 07:51:39'),
(400, 12, 'Kaylin Lockman DVM', 'Rerum id cumque assumenda eius. Facilis provident natus consequatur saepe quaerat quia. Culpa et incidunt natus reprehenderit error quod optio.', 3, '2023-02-02 07:51:39', '2023-02-02 07:51:39'),
(401, 14, 'Prof. Graham Hickle II', 'Deleniti atque sunt occaecati inventore ad aspernatur est. Numquam tenetur est dolores aut vel quia culpa. Excepturi consectetur dolorem omnis laudantium necessitatibus ea adipisci. Et tempore aut voluptatum expedita ipsam.', 4, '2023-02-02 07:51:39', '2023-02-02 07:51:39'),
(402, 20, 'Dr. Erik Jast', 'Est repellendus rerum aut rerum et commodi. Soluta voluptas consectetur accusantium qui vero. Ea fuga et voluptas maxime. Aliquid commodi non ipsum aliquam.', 5, '2023-02-02 07:51:39', '2023-02-02 07:51:39'),
(403, 15, 'Otto DuBuque', 'Beatae reprehenderit sed quia ex commodi. Autem facere fugiat impedit. Vitae maxime est quibusdam commodi voluptas perferendis.', 2, '2023-02-02 07:51:39', '2023-02-02 07:51:39'),
(404, 46, 'Heidi Koch', 'Qui deleniti sunt aut ullam aperiam. Voluptatem deserunt alias asperiores accusamus. Velit enim eos dolores recusandae et. Impedit facilis rerum dignissimos corporis mollitia.', 1, '2023-02-02 07:51:39', '2023-02-02 07:51:39'),
(405, 29, 'Mr. Junior Hill PhD', 'Natus recusandae accusamus molestiae eum repellendus. Quos deserunt fugit aut quis at. Aliquid culpa commodi sunt incidunt sequi fugiat.', 4, '2023-02-02 07:51:39', '2023-02-02 07:51:39'),
(406, 47, 'Helmer Kertzmann DVM', 'Molestiae saepe non neque repudiandae. Mollitia culpa similique qui et. Deleniti possimus dolorem sit numquam repellendus vero beatae. At a quod esse aut est labore.', 4, '2023-02-02 07:51:39', '2023-02-02 07:51:39'),
(407, 23, 'Prof. Keyshawn Harber', 'Magni fugit odit ratione neque sapiente. Harum et ducimus doloremque qui vel voluptatem ab.', 4, '2023-02-02 07:51:39', '2023-02-02 07:51:39'),
(408, 12, 'Ruby Wilkinson Jr.', 'Totam nobis eum veritatis numquam et veniam. Ea excepturi ducimus hic vel deleniti fuga saepe veniam. Necessitatibus et impedit est facere et dolor quam.', 0, '2023-02-02 07:51:39', '2023-02-02 07:51:39'),
(409, 19, 'Cristobal Eichmann', 'Dolor aut consequatur quos veritatis. Molestiae assumenda fuga sed nihil.', 4, '2023-02-02 07:51:39', '2023-02-02 07:51:39'),
(410, 46, 'Lorenz Rowe II', 'Eligendi maxime et quo. Ut nihil dicta consequatur magnam. Suscipit voluptatibus aut assumenda quis voluptatibus aliquam sint.', 2, '2023-02-02 07:51:39', '2023-02-02 07:51:39'),
(411, 2, 'Miss Araceli VonRueden', 'Inventore id omnis officia repudiandae consequatur tenetur debitis et. Repellendus corporis ut corporis nam. Sit sed perferendis maiores voluptatem officiis.', 5, '2023-02-02 07:51:39', '2023-02-02 07:51:39'),
(412, 28, 'Prof. Hailey Predovic IV', 'Qui recusandae qui aliquid voluptates corrupti suscipit quia. Laborum sit minus aperiam quibusdam at ea totam. Qui saepe voluptate est expedita pariatur sequi voluptas.', 0, '2023-02-02 07:51:39', '2023-02-02 07:51:39'),
(413, 4, 'Eden Beer', 'Error commodi vel omnis non vero eos. Quas sequi ea dolorem cumque eligendi et.', 0, '2023-02-02 07:51:39', '2023-02-02 07:51:39'),
(414, 41, 'Dr. Nicolas Cremin IV', 'Similique ab quia vel qui velit. Nihil saepe laboriosam vel iusto inventore voluptates. Nihil consequatur vero velit ut. Earum ut quidem laborum voluptatem velit odit.', 5, '2023-02-02 07:51:39', '2023-02-02 07:51:39'),
(415, 22, 'Maximus Herzog', 'Molestias incidunt autem repellat ut. Illo deserunt modi enim autem maxime quidem unde. Rerum quo quaerat quo quo veniam labore.', 0, '2023-02-02 07:51:39', '2023-02-02 07:51:39'),
(416, 18, 'Jade Bashirian DDS', 'Qui asperiores cum voluptatem eius dolorum. Totam nemo rerum fuga rerum sed sit velit. A unde aut est impedit. Nobis dicta qui iste et ab eveniet.', 3, '2023-02-02 07:51:39', '2023-02-02 07:51:39'),
(417, 48, 'Aliya Pouros', 'Consequatur sapiente ut harum sit aut. Voluptas expedita culpa voluptates rem vero vitae dolorem. Ad et unde sunt quisquam eligendi vitae.', 2, '2023-02-02 07:51:39', '2023-02-02 07:51:39'),
(418, 46, 'Kris Kirlin', 'Est veniam reprehenderit quo quod et doloremque voluptate. Doloremque temporibus excepturi dolorum voluptatibus in repellendus. Et natus impedit dolorem perspiciatis. Fugit occaecati voluptatem sunt cupiditate eos.', 2, '2023-02-02 07:51:39', '2023-02-02 07:51:39'),
(419, 4, 'Ramona Buckridge', 'Officia sed dolores vel optio. Id eveniet ad iusto quis. Amet molestias inventore quo a. Animi perspiciatis laboriosam recusandae aut illum sed nostrum. Earum vel nemo et nihil aut odit iusto.', 4, '2023-02-02 07:51:39', '2023-02-02 07:51:39');
INSERT INTO `reviews` (`id`, `product_id`, `name`, `review`, `star`, `created_at`, `updated_at`) VALUES
(420, 50, 'Jett Gutmann', 'Sapiente quia est similique dolorum et non ut. Quo voluptas tenetur deserunt quas at laborum. Est officia ea labore atque. Nihil est voluptas magni.', 1, '2023-02-02 07:51:39', '2023-02-02 07:51:39'),
(421, 3, 'Martina Dickens', 'Adipisci autem sed corrupti earum natus odit. Et sapiente doloremque repudiandae et. Perspiciatis eius qui perspiciatis dolorum cupiditate. Maiores nisi debitis id temporibus.', 3, '2023-02-02 07:51:39', '2023-02-02 07:51:39'),
(422, 46, 'Dr. Clementine Wyman', 'Velit nobis laudantium nobis repellat. Quod ea ut mollitia sed iure voluptatum. Doloribus pariatur accusantium distinctio magnam ut non accusamus. Sed quia optio praesentium dolor et.', 1, '2023-02-02 07:51:39', '2023-02-02 07:51:39'),
(423, 34, 'Lizzie Wisozk', 'Necessitatibus eos saepe est. Harum qui excepturi nostrum voluptatem consequatur commodi eveniet. Est ipsum omnis suscipit perferendis nisi ea consequatur.', 5, '2023-02-02 07:51:39', '2023-02-02 07:51:39'),
(424, 17, 'Mrs. Oleta Bergnaum', 'Vel ipsa animi et molestiae non ducimus. Similique non odio cum et consequuntur. Quidem tempore est aut ratione non.', 5, '2023-02-02 07:51:39', '2023-02-02 07:51:39'),
(425, 35, 'Beaulah Rau', 'Quaerat accusamus vel nemo labore culpa at illum. Voluptate molestiae voluptates totam dolor quod aut. Qui earum itaque magnam similique veniam repellendus impedit. Enim officia dolor recusandae suscipit dolorum expedita.', 3, '2023-02-02 07:51:39', '2023-02-02 07:51:39'),
(426, 22, 'Mr. Merlin Donnelly Jr.', 'Qui qui ipsa ut veritatis qui corrupti vitae. Cupiditate dolores aperiam consequuntur impedit delectus voluptatem velit odio. Veniam consequatur non facilis omnis.', 4, '2023-02-02 07:51:39', '2023-02-02 07:51:39'),
(427, 5, 'Brennan Keeling', 'Reiciendis maiores facilis nostrum cum possimus fugit vel laborum. Quia eos est ipsa minus atque. Nobis dolores delectus assumenda. Repudiandae nihil officiis sit debitis cumque.', 4, '2023-02-02 07:51:39', '2023-02-02 07:51:39'),
(428, 26, 'Luella Shields', 'Maxime quis tempora hic nihil consectetur rem. Ipsa voluptatem neque quia omnis saepe. Est eaque magnam quos.', 4, '2023-02-02 07:51:39', '2023-02-02 07:51:39'),
(429, 1, 'Dr. Mitchel Beahan', 'Laboriosam nobis aut ut magnam dolorem alias doloribus alias. Maxime est quisquam vel repellendus.', 0, '2023-02-02 07:51:39', '2023-02-02 07:51:39'),
(430, 35, 'Ms. Betty Wuckert', 'Sit veritatis dolor non sit. Neque magni ad facilis non et. Consequatur est et eum pariatur. Qui itaque ut et et cupiditate ut.', 3, '2023-02-02 07:51:39', '2023-02-02 07:51:39'),
(431, 26, 'Prof. Trent Emmerich III', 'Sequi voluptates magnam dolorem sed impedit cumque. Et harum sed aperiam recusandae in modi nobis. Atque ut voluptatem quia quos corrupti dicta impedit. Illum vero officia id iure unde.', 2, '2023-02-02 07:51:39', '2023-02-02 07:51:39'),
(432, 3, 'Cecilia Carroll', 'Qui id dolores laborum. Omnis rerum veniam qui eos neque eligendi sunt. Dolore et quod excepturi et voluptas aut itaque repudiandae. Reprehenderit excepturi ullam voluptatum nisi.', 4, '2023-02-02 07:51:39', '2023-02-02 07:51:39'),
(433, 32, 'Neva Hartmann', 'Expedita voluptatem iusto vero numquam unde non. Incidunt ipsum similique nihil nihil. Ex laborum placeat est dolorem sed quia. Et reprehenderit accusantium animi.', 0, '2023-02-02 07:51:39', '2023-02-02 07:51:39'),
(434, 20, 'Mr. Mathias Gerhold MD', 'Nobis incidunt beatae amet maxime perferendis aliquid. Consequuntur doloremque possimus sint aut nihil provident labore enim. Eum sapiente fugiat officia sed. Est in qui tenetur qui dolorem dolorum sunt.', 3, '2023-02-02 07:51:39', '2023-02-02 07:51:39'),
(435, 41, 'Madalyn Rolfson', 'Distinctio voluptas maiores doloremque ut omnis aliquam. Voluptate ut nam aut est. Facilis officia ratione omnis at qui dolor enim. Illo ad voluptatibus inventore est facilis.', 5, '2023-02-02 07:51:39', '2023-02-02 07:51:39'),
(436, 36, 'Larue Satterfield', 'Repudiandae iusto consequatur minima voluptates aut minus dicta. Autem ipsum animi fugit sit ut. Sequi debitis et deserunt alias fugit corrupti necessitatibus.', 2, '2023-02-02 07:51:39', '2023-02-02 07:51:39'),
(437, 38, 'Dr. Rosina Mante Sr.', 'Delectus nihil vel dicta repudiandae consequuntur numquam. Enim sed eos aut et est quas quo. Labore corrupti cupiditate doloribus voluptatem voluptatem dolores minus. Eos ullam adipisci reprehenderit sed quam sapiente totam. Blanditiis facilis ut sed vitae quis consequatur ullam.', 4, '2023-02-02 07:51:39', '2023-02-02 07:51:39'),
(438, 40, 'Clinton Jacobson', 'Sequi hic nemo minus et quas. Laborum sit ut delectus rem. Quisquam aliquid repellendus distinctio ut provident quaerat quasi. Et quidem dicta possimus sed.', 0, '2023-02-02 07:51:39', '2023-02-02 07:51:39'),
(439, 24, 'Demond Rutherford', 'Repellat aliquam laudantium eius modi. Quo at voluptatem et ex molestias sapiente et. Iusto quo magnam expedita ab. Iste consectetur enim ipsam deserunt cupiditate non.', 1, '2023-02-02 07:51:39', '2023-02-02 07:51:39'),
(440, 4, 'Mr. Arturo Huels IV', 'Amet ut qui necessitatibus asperiores eum nostrum. Cum eius doloribus itaque mollitia et. Molestiae nihil qui sint aspernatur aut quas qui quia. Dolorem fugiat quibusdam officia ut aut et minima.', 2, '2023-02-02 07:51:39', '2023-02-02 07:51:39'),
(441, 12, 'Prof. Aileen Morissette V', 'Quia asperiores corrupti totam ea. Ex in officiis quidem laboriosam aut assumenda dolorem.', 1, '2023-02-02 07:51:39', '2023-02-02 07:51:39'),
(442, 9, 'Isabel Feest', 'Et quo numquam autem velit illo. Sunt excepturi quas tempora. Dolore est vel architecto vel eius recusandae praesentium.', 2, '2023-02-02 07:51:39', '2023-02-02 07:51:39'),
(443, 25, 'Brycen Fay II', 'Atque labore dolore et molestiae. Voluptatibus voluptatem aliquid odio sed et.', 3, '2023-02-02 07:51:39', '2023-02-02 07:51:39'),
(444, 27, 'Dr. Raven Schiller DVM', 'Quis repellendus soluta dolorem molestiae. Voluptate nostrum nihil enim rem odit. Voluptas expedita sunt et error voluptatem quis.', 3, '2023-02-02 07:51:39', '2023-02-02 07:51:39'),
(445, 36, 'Roberta Cremin', 'Nulla sint id sit eius dolorum reiciendis. Eaque molestias qui assumenda eligendi. Quae ea amet ducimus sit corrupti excepturi. Omnis sit labore magnam sed et consequuntur.', 5, '2023-02-02 07:51:39', '2023-02-02 07:51:39'),
(446, 13, 'Mavis Christiansen', 'Velit labore dolores dolore facilis iure. Repudiandae ad ipsum totam neque ut qui magnam. Exercitationem quia non et sunt ea inventore.', 2, '2023-02-02 07:51:39', '2023-02-02 07:51:39'),
(447, 21, 'Luis Hane', 'Inventore consequatur explicabo et eaque nihil nulla. Veniam aperiam est labore id sed praesentium. Quia consequatur ex aut. Eius fugit numquam harum at.', 4, '2023-02-02 07:51:39', '2023-02-02 07:51:39'),
(448, 13, 'Lorenz Olson', 'Quos et non quasi quia. Eaque beatae veritatis at sed et ipsum aut. Iste est sapiente maiores nisi a pariatur quia.', 2, '2023-02-02 07:51:39', '2023-02-02 07:51:39'),
(449, 15, 'Allen Haag III', 'A voluptatem tempore in nam. Eos maxime aut quae ut impedit quisquam harum.', 5, '2023-02-02 07:51:39', '2023-02-02 07:51:39'),
(450, 7, 'Alessandra Welch III', 'Dolor nemo iure dolores quis quia inventore molestiae. At nemo consectetur ea deleniti laboriosam. Consectetur praesentium rerum corrupti maiores saepe. Soluta quisquam qui labore sit ratione soluta. Vero sit necessitatibus suscipit aperiam.', 4, '2023-02-02 07:51:39', '2023-02-02 07:51:39'),
(451, 45, 'Isaac Kuhlman', 'Saepe numquam nemo ratione et nulla molestias dignissimos. Minima vitae excepturi similique corrupti. Dolor blanditiis ducimus veniam ut odio tempore. Alias voluptatibus aut quod consequatur mollitia sint.', 0, '2023-02-02 07:51:39', '2023-02-02 07:51:39'),
(452, 43, 'Susana Shields', 'Enim veritatis eum iusto voluptas aut natus veritatis laudantium. Soluta distinctio adipisci omnis sit inventore voluptatem soluta. Nihil architecto expedita et sed. Fugiat eum aut provident fugit est.', 0, '2023-02-02 07:51:39', '2023-02-02 07:51:39'),
(453, 15, 'Brook Jast', 'Dolor delectus et ut suscipit. Ut at possimus vel tempore modi reprehenderit iste. Sed quia dolores officiis quis est. Fugit voluptatem rerum aut deleniti debitis ut et.', 5, '2023-02-02 07:51:39', '2023-02-02 07:51:39'),
(454, 46, 'Ms. Maya Jacobs', 'Reiciendis mollitia nisi dolorem. Deleniti nulla fugiat et ut. Quis dicta unde deleniti odit.', 3, '2023-02-02 07:51:39', '2023-02-02 07:51:39'),
(455, 50, 'Estrella Will', 'Nihil sint ipsa qui qui dolores eum vel est. Non delectus eligendi et soluta eum perspiciatis. Nesciunt est accusamus animi accusamus assumenda tempore ducimus sed. Delectus iusto nesciunt a non.', 0, '2023-02-02 07:51:39', '2023-02-02 07:51:39'),
(456, 45, 'Gregorio Roob MD', 'Blanditiis nostrum sapiente facere dolorem. Aspernatur ut ut neque. Eligendi culpa itaque fugit adipisci sint accusamus. Sequi deserunt sed accusantium qui impedit omnis cum.', 5, '2023-02-02 07:51:39', '2023-02-02 07:51:39'),
(457, 11, 'Joannie Homenick', 'Minima asperiores iusto molestiae deserunt aliquam vitae. Quam alias cum dolor reiciendis aut velit consequatur. Dolor aut veritatis ut omnis qui rerum. Quia consequatur soluta dolorem aut. Error odit doloremque recusandae.', 3, '2023-02-02 07:51:39', '2023-02-02 07:51:39'),
(458, 46, 'Dr. Jessyca Willms I', 'Omnis minus et ut vitae est. Maiores velit excepturi delectus reprehenderit a sit deleniti. Natus quam id ad perspiciatis a aliquid impedit. Consequatur veritatis animi suscipit voluptas ea sint.', 4, '2023-02-02 07:51:39', '2023-02-02 07:51:39'),
(459, 4, 'Jamarcus Spencer', 'Culpa magni commodi debitis cum consequatur et. Distinctio non ut iusto quod deserunt eos ea. Blanditiis est accusamus odit accusantium iste. Cumque voluptatem voluptatibus porro molestias omnis.', 0, '2023-02-02 07:51:39', '2023-02-02 07:51:39'),
(460, 49, 'Gladys Collier', 'Alias ad accusantium at eum. Dolor cumque et excepturi. Est rerum facilis incidunt vel officia sit.', 1, '2023-02-02 07:51:39', '2023-02-02 07:51:39'),
(461, 14, 'Ransom Volkman', 'Eos maxime quod quidem earum dolorem accusantium. Magnam fugit doloribus voluptatem. Accusantium inventore quo sit ipsa nam. Aut voluptatem error hic itaque maxime beatae ut.', 0, '2023-02-02 07:51:39', '2023-02-02 07:51:39'),
(462, 25, 'Mrs. Cassandra Dietrich', 'Consequuntur facere sit amet itaque adipisci ex dolorum magnam. Eaque id provident rerum culpa quis nihil quidem. Reprehenderit et et animi odit magnam non.', 3, '2023-02-02 07:51:39', '2023-02-02 07:51:39'),
(463, 42, 'Emmett Wuckert', 'Ducimus nobis provident autem sequi consequatur. Nesciunt neque atque quibusdam. Similique soluta animi atque assumenda in.', 2, '2023-02-02 07:51:39', '2023-02-02 07:51:39'),
(464, 20, 'Prof. Myrtle Wehner', 'Delectus et voluptates nostrum ipsum rerum minima. Impedit ut sint et quaerat. Libero architecto consequatur inventore debitis ea doloribus blanditiis. Id dolores optio enim quibusdam.', 5, '2023-02-02 07:51:39', '2023-02-02 07:51:39'),
(465, 34, 'Dr. Ethel McCullough IV', 'Necessitatibus expedita omnis at in incidunt. Id velit neque explicabo ex dolor quasi sint. Nam assumenda est repellendus magnam rem cupiditate minus. Incidunt dolor dolores similique voluptates nihil occaecati.', 3, '2023-02-02 07:51:39', '2023-02-02 07:51:39'),
(466, 36, 'Lionel Swaniawski', 'In vel nostrum possimus odit voluptas. Minus recusandae et atque sunt omnis occaecati.', 3, '2023-02-02 07:51:39', '2023-02-02 07:51:39'),
(467, 26, 'Leora Bosco', 'Reprehenderit iure dolorem optio explicabo corrupti ducimus dignissimos. Id esse maxime nihil omnis. Qui voluptatem saepe reiciendis unde eos quibusdam. Reiciendis nostrum iure ipsam.', 1, '2023-02-02 07:51:39', '2023-02-02 07:51:39'),
(468, 18, 'Morris Walker', 'Id provident omnis et quae incidunt voluptate sed. Ab blanditiis et atque cum. Excepturi vero officia dolore molestiae est. Illum et repellat porro magnam eligendi dolorum. Omnis libero est et culpa expedita.', 2, '2023-02-02 07:51:39', '2023-02-02 07:51:39'),
(469, 28, 'Miss Elenora Grant', 'Dolorum dignissimos voluptas doloribus voluptate aut impedit. Doloribus illo et deleniti iste. Enim optio omnis excepturi porro.', 5, '2023-02-02 07:51:39', '2023-02-02 07:51:39'),
(470, 35, 'Miss Theodora McKenzie', 'Possimus ipsa neque nam rem numquam nesciunt. Voluptates nihil adipisci odit odit iusto exercitationem nesciunt. Qui quod tenetur doloremque tenetur numquam. Vero repudiandae enim ex sit asperiores beatae.', 5, '2023-02-02 07:51:39', '2023-02-02 07:51:39'),
(471, 6, 'Gracie Quigley III', 'Consequatur qui quidem assumenda quo maxime dolores. Omnis quia consequatur corporis vero rem quis. Est repudiandae neque voluptatum doloremque aut reiciendis eos.', 3, '2023-02-02 07:51:39', '2023-02-02 07:51:39'),
(472, 9, 'Dr. Mercedes Wuckert', 'Est officiis quaerat quia. Commodi est illum aut accusamus iusto. Dolores repellat non quia sequi consequatur similique nulla.', 1, '2023-02-02 07:51:39', '2023-02-02 07:51:39'),
(473, 2, 'Princess Bashirian', 'Ullam non et fugit in nobis non corrupti. Quia dolores nisi voluptas minima fugit amet aspernatur. Quo soluta velit pariatur commodi.', 0, '2023-02-02 07:51:39', '2023-02-02 07:51:39'),
(474, 11, 'Prof. Geoffrey Towne', 'Quo non laudantium repellat iure corrupti. Assumenda quas inventore ducimus dolor quis aliquid. Reprehenderit error exercitationem debitis neque. Fugiat in ad omnis velit tempora laborum quia.', 3, '2023-02-02 07:51:39', '2023-02-02 07:51:39'),
(475, 1, 'Mrs. Loren Rogahn', 'Et illum et sit ea quis molestiae quas. Esse quisquam corporis ut similique est labore voluptate. Suscipit nam nihil quisquam sed tempora.', 4, '2023-02-02 07:51:39', '2023-02-02 07:51:39'),
(476, 24, 'Jovanny Lubowitz', 'Sed perspiciatis cum id eos quo aut ipsum. Enim unde quae aut dolorum omnis et. Eligendi id facilis reprehenderit aspernatur.', 0, '2023-02-02 07:51:39', '2023-02-02 07:51:39'),
(477, 46, 'Prof. Conner Hartmann', 'Tempore ea magni pariatur voluptas minus et iste. Natus sed voluptatem inventore. Est aut consequuntur cumque eaque.', 1, '2023-02-02 07:51:39', '2023-02-02 07:51:39'),
(478, 9, 'Quinn Reichert III', 'Voluptatem amet doloribus veniam voluptates. Dicta quaerat est ab aut quo voluptatibus. Cumque nobis consequatur sequi facere.', 5, '2023-02-02 07:51:39', '2023-02-02 07:51:39'),
(479, 25, 'Bernadine Reichel', 'Consectetur officia porro fuga libero id doloribus. Et sint nam aut dolorum laborum et in qui. Dolore sint distinctio minima ut consequatur dolor. Hic qui ea minus et consequatur nihil voluptate.', 0, '2023-02-02 07:51:39', '2023-02-02 07:51:39'),
(480, 46, 'Pamela Satterfield', 'Earum aut et dolor amet exercitationem qui vel. Quidem rerum aut aliquam deleniti aliquid quasi officia. Ex ut voluptatem dolor id occaecati voluptatem.', 2, '2023-02-02 07:51:39', '2023-02-02 07:51:39'),
(481, 35, 'Eleonore Kreiger', 'Quod et totam et aut qui tempore. Veniam est ratione commodi modi est aut nesciunt quia. Quo aut temporibus harum ut id reprehenderit nam debitis.', 2, '2023-02-02 07:51:39', '2023-02-02 07:51:39'),
(482, 2, 'Summer Marquardt', 'Aut deserunt expedita rerum deleniti. Culpa itaque aut minus iste doloremque sed accusamus. Necessitatibus facilis libero ea omnis ut quas culpa. Inventore molestias porro dolorum.', 2, '2023-02-02 07:51:39', '2023-02-02 07:51:39'),
(483, 20, 'Prof. Kendall Schmeler', 'Sit sed quaerat voluptas ut omnis sequi doloribus. Et doloribus mollitia explicabo rem praesentium. Nostrum et tenetur cupiditate cumque et voluptate molestiae.', 2, '2023-02-02 07:51:39', '2023-02-02 07:51:39'),
(484, 34, 'Ms. Violette Flatley DDS', 'Excepturi tempora labore eligendi harum. Ab enim molestiae et in nihil officiis corrupti. Voluptas suscipit fuga ex placeat impedit reiciendis quos. Dolores perspiciatis modi sit et.', 4, '2023-02-02 07:51:39', '2023-02-02 07:51:39'),
(485, 21, 'Angeline Schuster', 'Eos doloribus sed ut minima. Ut eligendi qui minima quasi. Ab qui vero velit sint et corrupti quos.', 4, '2023-02-02 07:51:39', '2023-02-02 07:51:39'),
(486, 11, 'Bella Kuhn', 'Maiores voluptatibus quod culpa doloribus et qui porro similique. Voluptatem optio adipisci qui praesentium illum et corporis. Qui ipsum quaerat totam. Rerum aut quis animi fuga rem.', 1, '2023-02-02 07:51:39', '2023-02-02 07:51:39'),
(487, 9, 'Cooper Williamson', 'Velit nihil alias eum molestiae. Velit quia est tempore distinctio sit. Veniam accusamus magnam delectus quas tempore.', 2, '2023-02-02 07:51:39', '2023-02-02 07:51:39'),
(488, 21, 'Deshawn Jacobson', 'Fugit est laboriosam quo iste. Eaque molestiae est numquam ut dolore blanditiis molestiae. Similique ea veniam voluptas. Voluptas aliquam exercitationem impedit culpa aspernatur ipsa eligendi. Culpa quibusdam possimus cum nisi amet.', 3, '2023-02-02 07:51:39', '2023-02-02 07:51:39'),
(489, 32, 'Prof. Jarod Lebsack', 'Natus ipsam ipsum et ut. Delectus tempore modi veritatis accusantium et. Quisquam sed omnis quos. Rerum asperiores vel eius dignissimos deleniti.', 2, '2023-02-02 07:51:39', '2023-02-02 07:51:39'),
(490, 4, 'Dr. Trevor Champlin', 'Qui qui optio impedit itaque. A rerum dicta sed quia qui alias error.', 5, '2023-02-02 07:51:39', '2023-02-02 07:51:39'),
(491, 8, 'Austen Durgan II', 'Hic laborum expedita facere corporis. Voluptates est est dolore velit. Quibusdam officia velit eaque ex. Non omnis et id quisquam. Ex quos beatae quas commodi nobis qui error.', 4, '2023-02-02 07:51:39', '2023-02-02 07:51:39'),
(492, 44, 'Adalberto Jacobi', 'Possimus non enim earum nisi impedit cumque et optio. Sed dicta animi provident ab id quasi. Cumque in doloribus molestias porro voluptatem ducimus ratione.', 4, '2023-02-02 07:51:39', '2023-02-02 07:51:39'),
(493, 1, 'Tremaine Swaniawski', 'Asperiores odit numquam id ut perspiciatis. Nihil id quis nostrum consequatur quae. Unde in est molestiae possimus atque aut iusto.', 3, '2023-02-02 07:51:39', '2023-02-02 07:51:39'),
(494, 23, 'Prof. Noah Casper', 'Ut fugit reprehenderit dicta aut enim. Aut porro quaerat voluptatum saepe reiciendis sunt. Dolorum qui culpa voluptatibus voluptatum.', 0, '2023-02-02 07:51:39', '2023-02-02 07:51:39'),
(495, 45, 'Jacques McGlynn', 'Unde minus soluta voluptatum id quibusdam quae enim. Delectus esse ut dolor eveniet. Quis earum quas atque. Tempora beatae sit provident harum est iure cum.', 0, '2023-02-02 07:51:39', '2023-02-02 07:51:39'),
(496, 41, 'Flo Harris', 'Consectetur illo fugiat debitis hic. Nobis similique et vitae nihil. Qui sed praesentium ut magnam enim ut mollitia.', 2, '2023-02-02 07:51:39', '2023-02-02 07:51:39'),
(497, 14, 'Prof. Alverta Price', 'Odio recusandae quod sunt iure sunt. Ad saepe itaque quos quae nostrum. Eum et repellat neque ex ipsum molestias.', 1, '2023-02-02 07:51:39', '2023-02-02 07:51:39'),
(498, 1, 'Mr. Dereck Glover', 'Ipsa ipsum qui voluptate facilis minima earum. Omnis itaque officiis fuga reiciendis magnam quia.', 1, '2023-02-02 07:51:39', '2023-02-02 07:51:39'),
(499, 39, 'Donavon Mueller', 'Enim et voluptatibus aspernatur ullam. Odit vel alias est omnis eos maxime voluptatem. Culpa dolor hic amet qui dolorum.', 3, '2023-02-02 07:51:39', '2023-02-02 07:51:39'),
(500, 1, 'Xander Krajcik', 'Dignissimos quo quod qui aut et dolores odio. Minus sit facilis eius nobis velit consequatur et qui. Aut excepturi sed ipsam aliquid.', 3, '2023-02-02 07:51:39', '2023-02-02 07:51:39'),
(501, 50, 'Lorem Maqa', 'Loram Impuls Maqa Nabiyev', 5, '2023-02-05 16:36:19', '2023-02-05 16:36:19'),
(502, 50, 'Lorem Maqa', 'Loram Impuls Maqa Nabiyev', 5, '2023-02-05 16:37:32', '2023-02-05 16:37:32'),
(503, 50, 'Lorem Maqa 3', 'Loram Impuls Maqa Nabiyev', 5, '2023-02-05 16:38:32', '2023-02-05 16:38:32'),
(504, 50, 'Santa Pfeffer', 'Enim omnis ut quasi culpa ducimus. Esse quo laborum non. Vero quasi consequuntur quos molestias est omnis.', 2, '2023-02-06 07:14:40', '2023-02-06 07:14:40');

-- --------------------------------------------------------

--
-- Table structure for table `users`
--

CREATE TABLE `users` (
  `id` bigint(20) UNSIGNED NOT NULL,
  `name` varchar(255) NOT NULL,
  `email` varchar(255) NOT NULL,
  `email_verified_at` timestamp NULL DEFAULT NULL,
  `password` varchar(255) NOT NULL,
  `remember_token` varchar(100) DEFAULT NULL,
  `created_at` timestamp NULL DEFAULT NULL,
  `updated_at` timestamp NULL DEFAULT NULL
) ENGINE=InnoDB DEFAULT CHARSET=utf8mb4 COLLATE=utf8mb4_unicode_ci;

--
-- Dumping data for table `users`
--

INSERT INTO `users` (`id`, `name`, `email`, `email_verified_at`, `password`, `remember_token`, `created_at`, `updated_at`) VALUES
(2, 'Mahammad', 'maqa.nabiev2003@gmail.com', NULL, '$2y$10$/smtJDEwFsQKxr37Rh.1h.XT01Y.lK6PpeO/tivuYOdf0DF82K4mq', NULL, '2023-02-04 15:56:50', '2023-02-04 15:56:50');

--
-- Indexes for dumped tables
--

--
-- Indexes for table `failed_jobs`
--
ALTER TABLE `failed_jobs`
  ADD PRIMARY KEY (`id`),
  ADD UNIQUE KEY `failed_jobs_uuid_unique` (`uuid`);

--
-- Indexes for table `migrations`
--
ALTER TABLE `migrations`
  ADD PRIMARY KEY (`id`);

--
-- Indexes for table `oauth_access_tokens`
--
ALTER TABLE `oauth_access_tokens`
  ADD PRIMARY KEY (`id`),
  ADD KEY `oauth_access_tokens_user_id_index` (`user_id`);

--
-- Indexes for table `oauth_auth_codes`
--
ALTER TABLE `oauth_auth_codes`
  ADD PRIMARY KEY (`id`),
  ADD KEY `oauth_auth_codes_user_id_index` (`user_id`);

--
-- Indexes for table `oauth_clients`
--
ALTER TABLE `oauth_clients`
  ADD PRIMARY KEY (`id`),
  ADD KEY `oauth_clients_user_id_index` (`user_id`);

--
-- Indexes for table `oauth_personal_access_clients`
--
ALTER TABLE `oauth_personal_access_clients`
  ADD PRIMARY KEY (`id`);

--
-- Indexes for table `oauth_refresh_tokens`
--
ALTER TABLE `oauth_refresh_tokens`
  ADD PRIMARY KEY (`id`),
  ADD KEY `oauth_refresh_tokens_access_token_id_index` (`access_token_id`);

--
-- Indexes for table `password_resets`
--
ALTER TABLE `password_resets`
  ADD PRIMARY KEY (`email`);

--
-- Indexes for table `personal_access_tokens`
--
ALTER TABLE `personal_access_tokens`
  ADD PRIMARY KEY (`id`),
  ADD UNIQUE KEY `personal_access_tokens_token_unique` (`token`),
  ADD KEY `personal_access_tokens_tokenable_type_tokenable_id_index` (`tokenable_type`,`tokenable_id`);

--
-- Indexes for table `products`
--
ALTER TABLE `products`
  ADD PRIMARY KEY (`id`);

--
-- Indexes for table `reviews`
--
ALTER TABLE `reviews`
  ADD PRIMARY KEY (`id`),
  ADD KEY `reviews_product_id_index` (`product_id`);

--
-- Indexes for table `users`
--
ALTER TABLE `users`
  ADD PRIMARY KEY (`id`),
  ADD UNIQUE KEY `users_email_unique` (`email`);

--
-- AUTO_INCREMENT for dumped tables
--

--
-- AUTO_INCREMENT for table `failed_jobs`
--
ALTER TABLE `failed_jobs`
  MODIFY `id` bigint(20) UNSIGNED NOT NULL AUTO_INCREMENT;

--
-- AUTO_INCREMENT for table `migrations`
--
ALTER TABLE `migrations`
  MODIFY `id` int(10) UNSIGNED NOT NULL AUTO_INCREMENT, AUTO_INCREMENT=12;

--
-- AUTO_INCREMENT for table `oauth_clients`
--
ALTER TABLE `oauth_clients`
  MODIFY `id` bigint(20) UNSIGNED NOT NULL AUTO_INCREMENT, AUTO_INCREMENT=3;

--
-- AUTO_INCREMENT for table `oauth_personal_access_clients`
--
ALTER TABLE `oauth_personal_access_clients`
  MODIFY `id` bigint(20) UNSIGNED NOT NULL AUTO_INCREMENT, AUTO_INCREMENT=2;

--
-- AUTO_INCREMENT for table `personal_access_tokens`
--
ALTER TABLE `personal_access_tokens`
  MODIFY `id` bigint(20) UNSIGNED NOT NULL AUTO_INCREMENT;

--
-- AUTO_INCREMENT for table `products`
--
ALTER TABLE `products`
  MODIFY `id` int(10) UNSIGNED NOT NULL AUTO_INCREMENT, AUTO_INCREMENT=52;

--
-- AUTO_INCREMENT for table `reviews`
--
ALTER TABLE `reviews`
  MODIFY `id` int(10) UNSIGNED NOT NULL AUTO_INCREMENT, AUTO_INCREMENT=505;

--
-- AUTO_INCREMENT for table `users`
--
ALTER TABLE `users`
  MODIFY `id` bigint(20) UNSIGNED NOT NULL AUTO_INCREMENT, AUTO_INCREMENT=3;

--
-- Constraints for dumped tables
--

--
-- Constraints for table `reviews`
--
ALTER TABLE `reviews`
  ADD CONSTRAINT `reviews_product_id_foreign` FOREIGN KEY (`product_id`) REFERENCES `products` (`id`) ON DELETE CASCADE;
COMMIT;

/*!40101 SET CHARACTER_SET_CLIENT=@OLD_CHARACTER_SET_CLIENT */;
/*!40101 SET CHARACTER_SET_RESULTS=@OLD_CHARACTER_SET_RESULTS */;
/*!40101 SET COLLATION_CONNECTION=@OLD_COLLATION_CONNECTION */;
